source,desc,space,den,parcel_0,parcel_1,parcel_2,parcel_3,parcel_4,parcel_5,parcel_6,parcel_7,parcel_8,parcel_9,parcel_10,parcel_11,parcel_12,parcel_13,parcel_14,parcel_15,parcel_16,parcel_17,parcel_18,parcel_19,parcel_20,parcel_21,parcel_22,parcel_23,parcel_24,parcel_25,parcel_26,parcel_27,parcel_28,parcel_29,parcel_30,parcel_31,parcel_32,parcel_33,parcel_34,parcel_35,parcel_36,parcel_37,parcel_38,parcel_39,parcel_40,parcel_41,parcel_42,parcel_43,parcel_44,parcel_45,parcel_46,parcel_47,parcel_48,parcel_49,parcel_50,parcel_51,parcel_52,parcel_53,parcel_54,parcel_55,parcel_56,parcel_57,parcel_58,parcel_59,parcel_60,parcel_61,parcel_62,parcel_63,parcel_64,parcel_65,parcel_66,parcel_67,parcel_68,parcel_69,parcel_70,parcel_71,parcel_72,parcel_73,parcel_74,parcel_75,parcel_76,parcel_77,parcel_78,parcel_79,parcel_80,parcel_81,parcel_82,parcel_83,parcel_84,parcel_85,parcel_86,parcel_87,parcel_88,parcel_89,parcel_90,parcel_91,parcel_92,parcel_93,parcel_94,parcel_95,parcel_96,parcel_97,parcel_98,parcel_99,parcel_100,parcel_101,parcel_102,parcel_103,parcel_104,parcel_105,parcel_106,parcel_107,parcel_108,parcel_109,parcel_110,parcel_111,parcel_112,parcel_113,parcel_114,parcel_115,parcel_116,parcel_117,parcel_118,parcel_119,parcel_120,parcel_121,parcel_122,parcel_123,parcel_124,parcel_125,parcel_126,parcel_127,parcel_128,parcel_129,parcel_130,parcel_131,parcel_132,parcel_133,parcel_134,parcel_135,parcel_136,parcel_137,parcel_138,parcel_139,parcel_140,parcel_141,parcel_142,parcel_143,parcel_144,parcel_145,parcel_146,parcel_147,parcel_148,parcel_149,parcel_150,parcel_151,parcel_152,parcel_153,parcel_154,parcel_155,parcel_156,parcel_157,parcel_158,parcel_159,parcel_160,parcel_161,parcel_162,parcel_163,parcel_164,parcel_165,parcel_166,parcel_167,parcel_168,parcel_169,parcel_170,parcel_171,parcel_172,parcel_173,parcel_174,parcel_175,parcel_176,parcel_177,parcel_178,parcel_179,parcel_180,parcel_181,parcel_182,parcel_183,parcel_184,parcel_185,parcel_186,parcel_187,parcel_188,parcel_189,parcel_190,parcel_191,parcel_192,parcel_193,parcel_194,parcel_195,parcel_196,parcel_197,parcel_198,parcel_199,parcel_200,parcel_201,parcel_202,parcel_203,parcel_204,parcel_205,parcel_206,parcel_207,parcel_208,parcel_209,parcel_210,parcel_211,parcel_212,parcel_213,parcel_214,parcel_215,parcel_216,parcel_217,parcel_218,parcel_219,parcel_220,parcel_221,parcel_222,parcel_223,parcel_224,parcel_225,parcel_226,parcel_227,parcel_228,parcel_229,parcel_230,parcel_231,parcel_232,parcel_233,parcel_234,parcel_235,parcel_236,parcel_237,parcel_238,parcel_239,parcel_240,parcel_241,parcel_242,parcel_243,parcel_244,parcel_245,parcel_246,parcel_247,parcel_248,parcel_249,parcel_250,parcel_251,parcel_252,parcel_253,parcel_254,parcel_255,parcel_256,parcel_257,parcel_258,parcel_259,parcel_260,parcel_261,parcel_262,parcel_263,parcel_264,parcel_265,parcel_266,parcel_267,parcel_268,parcel_269,parcel_270,parcel_271,parcel_272,parcel_273,parcel_274,parcel_275,parcel_276,parcel_277,parcel_278,parcel_279,parcel_280,parcel_281,parcel_282,parcel_283,parcel_284,parcel_285,parcel_286,parcel_287,parcel_288,parcel_289,parcel_290,parcel_291,parcel_292,parcel_293,parcel_294,parcel_295,parcel_296,parcel_297,parcel_298,parcel_299,parcel_300,parcel_301,parcel_302,parcel_303,parcel_304,parcel_305,parcel_306,parcel_307,parcel_308,parcel_309,parcel_310,parcel_311,parcel_312,parcel_313,parcel_314,parcel_315,parcel_316,parcel_317,parcel_318,parcel_319,parcel_320,parcel_321,parcel_322,parcel_323,parcel_324,parcel_325,parcel_326,parcel_327,parcel_328,parcel_329,parcel_330,parcel_331,parcel_332,parcel_333,parcel_334,parcel_335,parcel_336,parcel_337,parcel_338,parcel_339,parcel_340,parcel_341,parcel_342,parcel_343,parcel_344,parcel_345,parcel_346,parcel_347,parcel_348,parcel_349,parcel_350,parcel_351,parcel_352,parcel_353,parcel_354,parcel_355,parcel_356,parcel_357,parcel_358,parcel_359
abagen,genepc1,fsaverage,10k,2.3750827,0.72024304,1.4071809,2.0475295,1.9608934,1.645779,1.0281717,0.9549158,1.1802547,0.088662095,0.12409476,0.16938345,1.6012356,0.2741646,0.8962977,1.1851655,0.85337186,0.27340683,1.4525431,1.3090409,1.2974585,1.2641922,0.9100751,0.5810945,-0.11835336,-0.28220502,0.39526045,0.010662266,0.45628694,0.3747266,0.94838023,-0.5833824,0.28862715,0.04679852,0.06785367,0.9143351,0.12787955,-0.28412172,0.5913878,-0.33542427,-0.9638519,0.26785475,-0.3761003,-0.32609314,0.318601,0.5064045,0.3641392,0.56674254,0.39759773,0.67706615,0.97066486,0.5675321,1.0067996,0.5166691,0.19004513,0.20755413,-1.0662786,-1.2442205,-1.5440179,-1.203834,-1.8842493,-1.549103,-0.899032,-1.4893618,-1.3209318,-0.19087583,-0.3145883,-0.5230445,-1.1695102,-0.48845306,-0.71276015,-0.8741406,-0.15741633,-0.5882742,-0.62032974,-0.6182698,-0.484681,-0.47110575,-0.16507661,-0.18581584,-0.14016946,-0.39158198,-0.25592533,-0.584619,-0.57207227,-0.58940095,-0.5629906,-1.1749663,-0.5677202,-0.7310138,-0.5466055,-0.9324873,-1.5577279,-1.3967752,0.56166404,-0.25040922,-0.3525909,-0.5094714,-0.19437228,0.23486573,0.4123873,0.004378416,-0.032977715,0.7615738,0.41920197,-1.1042738,-1.0134141,-1.1912467,-1.2865468,-1.7055781,-1.0318409,-1.41026,-0.9985055,-0.8725491,-0.81890476,0.16975331,0.16726038,-1.3063964,-0.023019644,,0.86403906,-1.8922408,-1.3388375,0.440671,-0.3964797,0.2781964,-0.4688645,-0.9680174,-0.27238786,-0.45061675,-1.8166968,-1.148841,-0.6024239,-1.1560556,-1.2784917,-0.7273381,-0.19982263,0.095447004,0.09895118,0.32445678,0.59852046,1.035052,0.4815459,0.18532752,0.57041705,0.9139814,0.2932852,-0.10620577,0.06748019,0.11335845,0.25037956,0.8470105,1.3016697,0.5790578,-0.50475675,1.1422751,0.21662407,1.069721,0.7818941,0.58839816,0.1312848,0.03159122,0.695144,-2.047084,-1.8045223,-1.7714624,-0.5297918,-0.37908033,-0.98281103,-0.4822959,-0.5149314,-1.5243224,0.004764143,0.64780736,0.04228068,-1.012267,-0.9689729,-1.2419991,-1.6079203,-1.7090292,2.1765795,0.18104324,1.2450341,1.9334613,1.8006526,1.4165287,0.8742746,0.84283364,1.1352912,-0.011124908,0.0066338917,0.075974956,1.427587,0.14607832,0.8621897,0.88545513,0.6700679,0.10122728,0.9284325,1.2043909,1.1276193,0.86657506,0.5413205,0.335189,-0.063925184,-0.31363785,0.3597361,0.012643494,0.4762042,0.33411506,0.7929607,-0.55630267,0.2572726,0.010052367,0.0897508,1.0092527,0.22636563,-0.2044268,0.6925987,-0.32925743,-0.81837934,0.34031647,-0.41257876,-0.36964363,0.2927672,0.47095332,0.39249808,0.40540826,0.45717716,0.628898,0.96097636,0.72660667,0.96135765,0.646855,0.10779846,0.06836711,-0.9762624,-1.2625321,-1.4687977,-1.1396605,-1.9150655,-1.571854,-0.8696354,-1.5925279,-1.3702075,-0.25509563,-0.3464032,-0.53851765,-1.1558043,-0.45530993,-0.7144414,-0.8670547,-0.14868689,-0.55372703,-0.5825793,-0.6251678,-0.47480386,-0.4057985,-0.120690286,-0.16060737,-0.19870143,-0.44708768,-0.23350883,-0.59671295,-0.5557341,-0.59767306,-0.5464563,-1.2299349,-0.55210465,-0.744187,-0.6208892,-1.146981,-1.5742213,-1.4080071,0.30526036,-0.27226064,-0.3385199,-0.5267564,-0.22962229,0.28927487,0.4153114,-0.12293757,-0.08392668,0.6617032,0.4644814,-1.1707821,-1.1495638,-1.2431309,-1.3236543,-1.8269346,-1.0610564,-1.5478046,-0.87561685,-1.0236703,-0.8425033,0.4234296,0.17456342,-1.3937672,0.011935958,,0.561545,-1.866646,-1.4881394,0.44645673,-0.6499698,-0.017919356,-0.6232242,-1.1490451,-0.30822226,-0.5785185,-1.8611119,-1.3154868,-0.81464,-1.23963,-1.5666227,-0.9545388,-0.42854694,-0.2090126,0.1464199,0.04358825,0.5964847,0.9235285,0.35546774,0.074164666,0.41838482,0.5351276,0.47650537,-0.0061801844,-0.057816602,-0.014953087,0.11207259,0.63975024,0.9612215,0.47072402,-0.5105205,0.94972163,0.04685707,0.8191679,0.7274048,0.09762646,0.16362797,0.053945635,0.2580543,-2.1007564,-1.928141,-1.6512512,-0.55343634,-0.41194177,-0.99676573,-0.43655097,-0.5089556,-1.6990888,-0.120996416,0.6624509,-0.09800019,-1.2531642,-1.0904707,-1.1686836,-1.5408012,-1.7168001
aghourian2017,feobv,MNI152,1mm,22.464539,25.203575,22.96017,21.680292,22.422705,22.920563,23.8805,32.00946,29.815212,28.636469,29.562307,29.149515,22.686544,26.34868,24.44458,20.767452,22.435852,23.251944,23.399618,25.393862,23.071701,22.842813,24.815445,36.52662,25.891094,26.14409,27.593906,26.280033,25.642149,26.49655,23.470663,33.790897,24.89535,30.121288,27.12184,28.015327,28.502111,32.60406,24.93023,35.49972,38.645817,25.281788,31.08619,26.118818,24.841534,23.376759,23.399813,22.94597,24.031033,22.59678,27.437801,25.87539,31.570356,28.323343,29.593876,29.663263,38.519386,33.695145,37.157566,36.759377,28.152819,28.928925,26.087627,28.216928,26.52859,26.528166,25.075748,25.717993,25.1338,24.890797,24.908714,24.152784,25.170439,28.70628,27.333782,27.435776,27.09251,29.106956,29.429237,27.606466,27.428087,27.814363,25.611334,25.95927,26.841228,26.111397,24.68391,24.530642,26.739962,24.726706,24.69373,24.890974,26.04466,26.493889,24.077389,27.207605,25.492569,24.557451,32.541332,29.891611,30.569923,33.399364,34.517776,27.248755,28.767479,36.705772,26.704153,30.99489,34.278152,25.148123,27.70523,28.71683,31.37031,37.344017,32.84349,27.968987,26.40944,22.602007,18.617762,17.960993,23.582493,25.24402,27.18203,32.005657,29.150425,21.725815,23.971771,27.469482,27.50208,26.802202,24.278244,25.462988,25.272953,23.844831,23.561571,23.809168,25.303087,23.585741,25.276855,26.449062,25.871979,23.524918,24.141731,24.052626,23.799818,24.266253,29.486439,25.645674,24.305853,25.530325,24.211971,23.179602,23.646034,24.034527,24.3998,24.002657,25.690907,22.931831,25.34953,21.671703,27.46527,29.223381,23.67695,27.689901,27.670944,38.786648,38.59032,35.410896,28.603321,26.211493,27.55248,23.938833,33.61073,29.018045,30.475864,26.421421,25.474556,27.537777,32.88965,32.451122,22.153782,25.164307,23.105928,22.032478,22.755411,22.345968,22.279219,31.470575,29.157192,27.85992,27.89156,27.447557,23.271912,27.333084,24.43496,22.232565,23.250217,23.391806,22.699211,22.375196,24.138203,23.090105,25.439207,32.082714,26.987062,27.893528,27.943043,26.614746,24.111095,26.107998,22.765997,34.124676,26.267876,29.38107,28.066486,29.380909,27.3733,31.63184,26.049639,34.22811,38.01778,23.68405,31.458439,25.691341,24.170185,22.537222,21.7879,23.126078,23.438454,22.639273,25.716291,25.580606,33.39124,28.109768,28.342524,29.761425,37.74662,34.217003,35.626907,34.471172,27.296377,29.183155,27.960659,26.69552,26.934616,28.644228,23.829332,26.103949,25.272446,25.055529,24.746035,24.400742,25.257925,27.893175,26.881788,27.866804,26.850706,28.708662,28.049438,28.86894,26.855494,27.806376,25.320713,26.059122,26.562473,26.699467,25.385454,24.907393,26.626417,25.379505,25.580238,26.019512,25.798588,30.045835,22.30039,27.120913,24.969797,24.451183,32.343674,29.280327,30.746078,33.10799,34.123264,29.906466,27.161945,33.94711,27.493088,30.928879,31.856476,21.672625,29.624249,29.18368,31.37935,37.331615,31.89425,25.811197,25.14043,22.912605,20.68428,17.578194,19.511711,25.215643,26.867962,32.585007,29.452263,22.570353,24.604834,28.46201,24.844275,27.45544,22.697674,25.595915,24.888502,24.537891,23.107244,23.726818,25.356567,23.931013,25.542803,25.385231,23.490265,22.585516,24.70326,24.538954,24.007967,22.786083,28.5904,24.822403,24.373787,24.030092,24.189692,22.658947,21.663692,23.204992,25.181408,25.749365,24.415266,22.68297,25.521461,22.532791,27.724386,30.473291,23.588522,26.220095,27.480679,38.560802,36.908222,33.95465,27.996363,26.43934,26.972494,24.716389,29.381746,33.127422,30.011972,25.87763,24.532545,27.55811,31.647905,30.42033
alarkurtti2015,raclopride,MNI152,3mm,19.684074,21.155666,20.483744,20.27402,20.804415,20.632633,19.2213,20.240896,20.56144,21.153307,21.549835,21.466219,22.447351,18.339937,20.807005,22.577078,21.53517,19.65537,22.4158,20.468334,20.582561,20.980846,21.15273,20.739367,21.689613,19.378,20.516808,20.742908,20.403757,21.655602,19.520926,20.040771,20.898851,20.508959,21.209501,18.900951,20.691187,21.045574,19.39164,20.425005,20.442957,19.558344,20.020405,18.920044,20.10484,19.495974,19.14991,20.614067,19.182465,20.358358,19.49112,21.195206,20.707603,20.068169,19.777182,20.514042,20.807238,20.462635,21.441505,21.030533,18.470486,19.726755,19.54061,19.483574,18.778307,18.737822,21.49827,20.673151,18.50558,19.704777,20.55327,18.697416,21.846825,19.61394,18.822063,17.456081,18.363483,20.294954,20.24424,21.20534,20.982418,20.336613,22.092823,21.998837,20.347342,21.090218,20.77878,17.22226,19.865746,18.093779,18.594662,17.882328,17.385859,17.358679,21.552004,20.519964,20.634447,19.359846,17.811037,18.508337,20.658432,19.982752,20.523369,20.125246,21.273033,20.914015,19.264784,21.416212,22.550404,18.475664,20.673405,18.807783,19.126402,25.567583,21.160099,23.206219,20.74376,15.599584,15.375547,18.719273,18.591873,18.108934,17.785433,21.543257,19.038677,18.171568,20.191484,20.413334,21.150715,20.999504,18.172724,17.682709,19.231894,17.948252,19.625664,19.796316,21.022627,21.070408,21.15655,21.801083,21.503206,20.320251,20.123024,21.59863,20.817749,21.647749,21.521395,22.609306,21.88841,21.868608,21.233213,20.925243,19.25549,19.752443,20.127073,21.202753,20.652433,21.333069,21.001112,19.872063,20.940067,21.16913,19.039284,20.552889,19.458582,18.156267,21.335691,21.371075,20.281816,20.024147,20.07321,17.658396,21.08499,20.394075,18.686625,20.528345,18.06494,19.14295,19.776907,19.438515,19.602991,21.456926,20.523954,19.61213,20.432266,20.490992,19.709187,19.882097,20.689596,21.159908,20.866385,20.970272,20.563911,18.114977,20.55499,21.777946,20.68361,19.132004,22.411762,21.282396,18.957062,20.002771,20.82031,20.453785,20.842245,19.211052,20.436796,19.708042,20.132029,20.878815,19.332384,20.109241,20.334484,20.47674,20.869131,18.757877,20.40024,21.391882,19.173164,19.858177,20.6688,19.847214,19.962244,18.787039,19.66986,19.609064,20.217482,20.37726,19.949251,20.302837,18.820377,21.109097,20.717932,19.698547,19.7219,19.603195,20.578503,21.194681,19.905155,20.326416,19.073711,19.912811,18.683916,19.688488,18.794994,17.9624,20.385159,20.351639,19.159256,19.161959,20.170322,19.530415,21.273436,19.279455,18.707262,16.921402,18.59468,20.809725,20.359573,20.31915,20.429775,20.85104,21.691027,21.686007,20.960356,21.383057,20.710829,17.490614,20.490837,18.171133,18.673285,17.652843,17.087828,18.266027,21.273026,20.283228,20.305193,18.731483,18.126232,18.897848,20.99893,20.890219,21.674866,20.041264,21.50154,21.00683,19.743671,21.349762,21.796562,18.62872,20.388897,18.58334,19.710388,25.627222,22.127394,22.78289,20.693768,15.417138,15.6847315,18.666142,18.829144,18.185095,17.648592,21.04294,18.534935,17.74128,19.988392,19.253426,21.26555,21.275654,17.63362,16.385023,17.959726,17.727554,19.821909,20.414856,19.643373,20.71186,21.602057,21.686064,20.859293,19.991705,20.154541,21.52942,20.771215,22.400793,21.916977,21.856739,22.029312,21.970543,20.970083,18.33532,19.204477,20.837994,19.367603,18.655409,21.303331,21.538496,19.862753,20.410404,21.061428,20.752256,18.973492,19.502916,18.770803,18.16652,22.389397,22.476433,20.103483,20.87664,20.148254,17.53554,20.473427,20.11945,16.378313,19.635864,17.74678,20.0238,19.258823,18.57466
bedard2019,feobv,MNI152,1mm,5.7315984,6.057679,5.7467604,5.749382,5.92387,6.150894,6.394659,6.682529,6.557553,6.62609,6.669,6.7625895,5.7305818,5.693148,6.1919603,5.937227,5.839289,6.451864,5.7791414,6.2382846,6.278521,6.324689,6.3077135,7.8005004,6.5953345,5.8164268,6.2653613,6.5725813,6.1390634,6.473658,6.026466,7.473063,6.461463,7.206717,6.8906493,6.1730857,6.268291,6.8631535,6.1678963,7.1476912,7.888295,6.154967,6.6694865,6.0515018,6.116172,5.9921155,5.8870993,5.7200003,5.9664497,5.93222,6.1165376,6.096883,6.568707,6.317185,6.2495446,6.5763617,7.8690376,6.1636477,7.3269444,7.6163254,7.0247984,6.4904184,5.8297973,6.7499604,6.7546077,6.7296166,6.251861,6.081688,5.8777695,5.875592,6.209204,5.9372044,6.350182,6.627608,6.515265,6.114814,6.487637,6.6255655,6.0597315,6.166007,6.1967793,6.313036,6.5058002,6.6662765,6.555698,6.4215164,6.0948,6.397541,6.514472,6.3879266,6.683242,7.07272,6.9932485,6.760493,5.7785273,6.205133,6.356063,5.933763,7.0632305,6.6904325,7.1880994,7.6182404,8.090906,6.3894315,6.715996,9.735054,6.8702087,7.479322,9.700517,7.4369497,7.1235313,8.00245,7.021042,11.041432,7.8229284,6.2564344,5.8480263,5.880837,6.0175886,6.583865,6.030453,6.817237,6.772804,7.069805,6.8969164,6.0980954,6.695426,7.053332,6.628466,6.5159926,6.618474,6.6795244,6.7516456,6.5820627,6.6294923,6.6378818,6.7868285,6.540428,6.537003,6.5526037,6.3742857,5.9883795,6.099537,5.900762,5.981357,5.9788194,6.783619,6.45667,6.161167,6.239664,6.1132317,5.839899,6.4296217,6.522084,7.081584,6.279366,6.3750696,6.065658,6.3943424,6.11521,6.744631,7.1710835,6.6425576,7.535316,7.2575226,9.061735,10.5732355,9.202276,6.517292,6.3899927,6.517657,6.755148,7.8504314,6.648682,6.75216,6.710085,6.5527244,7.4274697,7.221785,7.088706,5.946619,6.1202292,5.838456,5.9645276,5.9985943,6.140521,6.5515823,6.614449,6.636196,6.555503,6.7496114,6.4756985,5.9559,5.8840165,6.0894527,6.161793,5.8658957,6.56535,6.0036573,6.1089606,6.330215,6.289352,6.5606804,7.522816,6.411387,6.0701785,6.340979,6.405425,6.071737,6.5523534,5.9337344,7.484872,6.5386014,7.28883,6.678894,6.298161,6.264375,6.672618,6.09163,7.0029354,7.974467,5.79835,6.5135546,6.052174,6.0162296,5.8545556,5.514435,5.827598,5.879448,5.874121,5.8742747,6.2023206,6.7439256,6.017357,6.462871,6.424296,8.030163,6.4148993,7.290257,7.1958814,6.9538565,6.7746224,5.885254,6.605501,6.6690125,6.584549,6.2237387,6.27416,5.7973323,5.678588,6.1825223,5.846568,6.3760924,6.527608,6.474878,6.125543,6.455001,6.732673,6.229508,6.4483714,6.4952765,6.6975026,6.617907,6.7652826,6.814029,6.695145,6.2516713,6.349857,6.6864996,6.44275,6.6700506,6.9554768,6.7485757,7.247118,5.968923,6.3742642,6.354058,5.983998,7.0280943,6.777212,6.9196672,7.5098805,8.87012,7.0287075,6.6665807,9.189076,6.618584,7.2979407,8.44158,6.808378,6.9627366,7.391512,7.1244903,9.526588,7.905317,6.446596,5.831588,6.451673,6.3051596,6.536617,5.8907576,6.359423,6.458287,7.4429927,6.7626204,6.384849,7.0364003,7.234723,6.565659,6.8144703,6.3081346,6.417207,6.727504,6.6892877,6.5716243,6.5846367,6.670479,6.6052227,6.386886,6.428582,6.0700846,5.7230167,6.3128247,6.02585,6.1550674,6.122919,6.9295063,6.12356,6.3768597,6.313898,6.4144235,5.752768,6.4359655,6.09329,7.616522,6.515677,6.56679,6.1364064,6.434322,5.7895637,6.5582047,7.0919766,6.665572,7.237295,7.307175,9.853904,11.292604,8.972121,6.541567,6.5381355,6.7473717,6.696291,7.57857,7.3678327,6.44545,7.0410666,6.4702682,7.553109,7.1339455,7.270365
beliveau2017,az10419369,MNI152,1mm,18.613104,9.736714,8.512879,10.68519,8.733609,9.675242,14.738743,11.481991,10.379264,10.11918,13.924121,9.541466,9.029871,6.1699395,10.955891,4.382817,10.432191,11.077833,14.193804,5.996549,4.3626585,13.367401,14.037234,19.977037,9.930361,16.940971,12.726686,11.815549,9.001463,13.050245,13.426394,3.072628,11.5713215,9.610198,10.142359,13.878194,8.0229225,6.213242,9.242637,13.072211,9.501348,7.7742434,19.478924,7.1066732,6.2106876,5.595793,6.835264,7.5209627,3.522195,8.849471,4.420074,7.0443316,11.147542,8.613284,9.953034,8.189995,4.3389583,4.260181,7.452536,7.289678,7.5083113,14.396585,19.849869,6.6932735,8.530379,16.30552,8.330286,8.925571,16.07122,11.504175,6.189802,12.782695,8.252749,14.125423,11.892551,19.441885,15.361622,20.164282,11.950118,16.277527,12.885161,9.212581,7.9922094,7.5491796,10.243443,8.245055,8.211815,13.885925,12.089346,16.337246,13.187979,18.439045,15.0912285,16.170012,7.5903873,10.864783,8.756846,6.886306,15.930147,14.199553,12.962383,9.519372,9.470013,9.323711,13.596668,17.940939,11.505998,11.398348,18.113651,7.198678,12.807973,17.706171,6.6786222,8.087447,5.6425447,6.1733766,9.380124,5.8342533,3.7938218,0.2724196,11.839643,9.210026,14.113327,17.586546,14.145134,7.4438515,7.8756723,12.578898,6.0821843,11.264063,10.273006,13.28082,9.103256,11.035687,10.270756,14.112511,12.050071,11.207399,10.605767,6.441705,4.340105,8.431982,9.99544,8.133431,12.1469145,10.933981,8.452832,8.543439,7.259314,5.702543,8.580397,6.8024364,14.138553,15.525449,9.87122,7.690063,11.48392,13.673639,9.42743,15.35679,9.337209,13.679607,14.131335,10.461275,11.320923,8.596933,12.95144,14.815901,11.103651,9.331232,9.707472,12.980013,12.042937,17.58327,16.913237,11.917127,14.48868,5.157282,13.6872835,9.421904,16.761518,10.714432,9.146732,13.492785,7.6618958,10.4370575,13.465942,12.266587,9.47943,12.454241,18.205992,12.773806,6.9654293,5.8800807,10.640579,4.332854,10.215872,9.424844,8.004357,14.812912,11.963106,7.429929,15.712795,15.936242,14.517277,13.901853,12.647848,10.91281,7.4175034,14.169324,15.979366,6.0539765,16.317192,6.413733,9.323226,13.826939,6.496473,10.596551,5.8521733,16.258617,5.7550373,6.0415735,14.3020315,8.9660845,7.279645,9.386517,6.242139,7.508984,6.824551,8.942191,8.797651,7.0596476,11.047392,6.925647,13.099171,11.408414,11.321903,3.5071995,5.8390765,12.844264,5.0509124,11.300247,20.585442,6.46855,7.935372,16.90746,8.827581,8.766655,12.656082,11.928126,8.166032,13.246492,9.760629,13.185238,15.140969,15.481212,13.297193,11.916629,13.586331,16.6249,12.929177,7.965351,8.151886,5.9590755,13.302372,9.51462,9.984382,14.1889,18.016354,16.77308,15.252437,17.698982,16.622473,18.407793,5.9889765,11.138393,10.575267,6.0589705,15.683346,15.545654,13.037035,8.856352,7.569241,8.815734,12.400374,16.806292,10.126248,14.623302,15.351027,4.015366,13.189792,15.001216,12.906808,10.526033,11.632629,7.8476224,8.293116,3.8666136,4.0195465,0.04151937,11.406724,7.548331,14.739582,17.826931,15.270416,8.258386,5.3412685,13.90125,12.372609,8.784754,10.418363,13.25814,11.7567215,10.451953,6.2918534,6.213741,12.442689,8.47621,8.088102,11.556832,10.760049,7.1764174,10.560115,11.674143,5.7769456,5.4656506,11.630324,11.077167,6.181154,6.339158,8.228701,3.3834367,14.640236,8.557692,8.660936,10.532305,11.180168,9.022735,11.665624,12.960615,12.029516,16.545488,11.576566,6.0848045,7.190173,10.248197,14.085469,12.531476,8.506777,12.85845,13.689995,12.586547,6.098397,17.295534,17.430765,8.18646,12.710944,4.398214,6.3739214,3.5215425
beliveau2017,az10419369,fsaverage,164k,29.545183,20.753365,18.97566,20.889187,19.839293,20.416096,18.538403,20.049377,19.356045,23.976711,24.448616,23.651905,19.788822,14.090933,19.926832,20.707941,20.469437,16.9753,21.231947,21.182262,20.545507,19.254295,21.235182,21.019772,20.195803,23.577799,18.853771,21.029911,18.939117,20.44619,18.795744,19.58083,19.454868,19.639423,19.93881,17.544014,18.123049,19.914549,16.69082,21.136742,22.72634,17.814674,23.708517,22.690966,18.121044,18.716076,18.359375,18.723803,18.026913,19.498842,17.585152,17.815916,20.365852,20.79527,21.23404,22.608595,20.827213,15.124934,21.32413,24.502953,18.782114,23.879862,24.386528,20.688946,19.875517,23.566935,23.822235,23.522064,21.73332,23.157513,22.48567,20.78282,23.705914,24.49212,23.822203,23.686752,23.388199,24.145008,23.962854,24.711123,23.970495,24.002516,23.381485,23.858755,23.768929,23.260221,21.699123,20.16423,22.971119,21.714247,22.865526,22.093319,19.668848,21.860428,20.366396,23.35165,24.016573,23.35891,22.907694,20.84719,20.693213,18.923769,16.859352,18.626234,20.10443,18.456305,15.197833,24.534956,22.827137,7.845265,23.440739,20.878757,23.223143,22.505297,20.63314,19.856756,19.444921,7.126351,4.594531,0.15523179,15.567266,12.34682,14.884448,19.589487,19.096561,10.248787,14.530812,17.761702,19.298586,19.65589,14.070991,18.509665,20.037779,18.071205,14.973183,17.407017,20.469141,19.460003,19.696947,20.801434,20.812904,19.225153,21.563002,20.965572,21.314278,21.225914,20.557905,20.022316,20.989813,20.52543,21.573206,18.787386,17.137907,17.5379,13.741438,21.194084,20.676683,21.749481,21.134747,17.545567,19.149023,20.43613,15.700627,16.325117,18.926468,18.41579,16.536583,18.906977,23.946371,22.10455,24.202917,15.521992,17.726505,19.1058,19.44978,17.697851,20.13463,13.362503,24.301048,19.998123,29.723114,21.401682,20.053423,21.43537,20.739477,21.528463,19.23219,19.608269,19.254375,22.647102,23.027355,22.997921,20.58586,14.523577,20.767916,21.789362,21.272976,17.213652,22.361998,22.81515,21.3808,20.18329,21.667776,19.529957,20.443272,23.2925,19.418835,20.812937,19.473595,20.365181,19.366163,20.190306,18.592701,19.970396,19.668888,17.77697,18.28493,20.047232,17.268902,20.497969,21.682919,18.559206,22.94378,22.12303,18.346497,19.229576,18.94538,19.500448,18.913557,20.68864,18.04218,18.299831,19.609503,20.593088,21.535488,21.745804,20.297144,15.616885,20.813356,23.654568,18.515963,22.607376,23.863407,20.263903,19.486553,23.348059,22.696062,22.768051,21.200842,23.034153,21.818447,20.527042,22.641918,24.011694,23.752846,23.621956,24.24111,23.345776,23.004532,23.2125,23.045582,23.338676,22.937292,23.0784,23.633654,22.661337,21.359482,19.556831,23.015469,21.853897,22.563852,21.091099,18.765541,20.67853,20.526802,22.906496,22.851807,22.295462,22.79282,20.683456,20.167854,17.600994,14.901272,18.472267,19.568344,17.239037,13.892893,23.066643,21.618706,5.153307,21.758476,16.892508,22.442677,20.560982,19.069857,19.815504,20.111504,5.877533,4.813859,0.08725804,14.975183,11.106384,14.606719,20.0666,18.648098,10.341572,13.44343,16.702738,18.028437,18.541935,13.679892,16.886478,19.711193,16.832249,13.710038,17.050564,20.539839,19.558754,19.633396,21.725786,20.969795,20.420261,22.791922,21.458492,22.072336,22.878635,20.443628,20.01502,21.670609,21.310434,22.067503,19.002314,17.159388,17.781582,12.740733,21.614813,21.247044,23.171185,22.583002,16.896677,19.496126,21.13302,15.172139,16.461193,17.538448,17.879341,15.370682,17.203722,22.56327,21.623098,24.30083,14.712391,15.46847,19.971375,19.457045,15.663143,19.038166,12.647566,23.130825,13.882654
beliveau2017,cimbi36,MNI152,1mm,34.007885,26.539083,22.899834,24.733704,21.450422,24.18912,39.4668,20.732555,20.195902,23.361214,33.39827,21.241026,22.981592,18.158432,28.638111,10.479363,25.810991,33.91642,40.32766,15.937472,12.106958,36.474667,36.84738,53.157486,30.237513,41.293957,35.393726,34.513813,25.449753,37.603287,39.66964,9.397416,36.1061,29.654781,31.126799,26.47735,19.374798,18.290348,19.781815,29.644138,21.911598,18.352417,43.838417,16.342497,16.056728,14.285656,17.331968,16.693863,9.16063,21.140867,10.191669,16.330929,20.758833,20.398884,20.664001,19.585648,10.662062,10.371204,17.22015,17.641584,20.890057,37.616367,49.391617,19.24662,24.729372,39.24774,20.234655,21.246838,42.84185,29.26825,15.549357,34.944344,18.81357,34.929996,29.266567,45.995617,39.567055,48.885986,27.624884,38.16254,29.964167,21.344112,19.132746,18.816603,25.627823,20.135487,21.248787,39.502132,30.91387,43.9612,36.346176,48.876667,42.982506,40.409443,19.18155,24.164839,20.57741,16.420622,39.54884,37.14968,34.14228,24.880348,27.353218,24.911942,36.822697,44.51456,39.4965,28.413876,40.90142,14.088305,28.294529,34.943604,17.487446,19.94616,14.954825,17.4968,24.361835,13.689538,7.124423,0.14585087,33.56753,29.640568,49.222965,51.396183,44.204464,25.576765,29.456211,40.48539,17.437075,36.21771,32.698902,44.515106,29.937399,37.262276,37.226997,44.059296,38.101753,32.618435,30.75252,17.867785,12.051852,21.29198,26.148338,23.334784,32.058903,28.316969,23.339352,24.503578,19.88527,16.068329,23.065437,16.951988,40.578445,42.007656,38.929688,21.213581,32.234367,34.883873,25.124992,44.425724,27.671658,41.32267,45.68151,31.256632,33.664814,20.398386,36.063175,39.771805,26.666832,23.33254,23.354065,47.475895,35.00855,48.65131,51.89489,38.918365,46.228508,15.599664,33.139854,22.456087,30.456375,29.321274,24.290764,30.947533,18.56993,25.02511,36.585304,21.499596,18.63869,29.318338,48.344734,30.798737,16.221228,16.416868,27.293818,9.893414,24.153685,27.96647,20.586988,35.331444,31.461084,19.426647,40.99191,43.46405,42.15353,32.056717,35.34645,30.782999,19.519798,40.87385,43.188446,18.700106,50.271152,20.031713,29.05798,25.846703,15.529445,31.635494,12.824915,34.679905,13.520413,14.496584,30.825459,19.935492,19.21597,23.563433,14.697548,17.703644,15.835516,20.406788,19.137444,15.286091,19.837349,16.111046,27.198158,25.92244,29.88614,8.320112,13.158297,29.925957,11.783349,27.054043,48.25514,17.334103,21.82636,41.390842,22.248531,21.200054,32.95378,29.252062,20.760805,35.303616,22.471336,31.640833,35.04347,36.658104,32.73205,30.201826,30.168812,40.251495,29.576897,18.927542,19.964691,15.050607,32.76103,23.965912,26.373352,40.955006,44.54216,45.85388,42.38982,48.109364,48.54646,45.100822,14.523126,25.594984,25.503347,14.748861,38.99788,38.332657,33.655613,23.33254,26.735329,22.676577,32.140045,42.866844,33.334053,37.408676,36.246902,8.02764,31.72987,29.803633,33.349735,28.011324,30.624346,22.184925,20.330925,8.376975,8.220732,0.021161553,29.734968,23.298883,50.0937,52.19499,48.2873,26.888554,19.096,46.20396,36.377525,29.714846,33.234077,47.029827,37.229897,34.43657,22.347012,19.536404,38.405624,23.55651,23.099773,32.47327,28.425688,17.477152,27.698307,32.18877,15.537413,13.328051,30.777634,29.915628,16.480282,16.769625,21.266233,8.239894,39.75195,24.072138,31.400114,27.718287,29.607044,20.905336,31.120584,38.24239,35.92073,50.707943,37.55403,18.30663,22.638144,25.5652,42.2214,34.85679,20.899569,33.42483,32.164433,43.313656,18.197878,46.84415,53.35922,27.887814,41.35829,11.9297,15.216572,7.8706636
beliveau2017,cimbi36,fsaverage,164k,54.545647,54.55341,50.834335,49.46491,48.999687,52.245,50.096367,36.147453,39.037895,53.51835,58.7852,53.925503,47.973763,43.0279,52.173264,49.68168,50.808144,51.69106,59.69178,57.60571,56.70197,52.92097,56.292206,55.827183,61.606632,58.239624,52.658478,60.688923,53.59304,60.43419,54.096935,60.133904,61.426414,60.89132,61.822197,33.68717,44.091362,56.629257,36.817036,47.85295,52.15981,43.901974,53.765156,53.458412,47.536472,49.777477,45.55739,42.580605,47.23504,44.89352,40.10711,40.58682,37.668175,48.2691,43.429817,52.882072,55.21987,40.409897,48.46402,59.561226,50.207466,60.105465,60.3026,60.20893,57.75767,57.110775,58.62703,56.149124,57.690937,59.502403,56.022297,55.764435,55.44054,59.2348,59.262154,55.81663,59.998142,58.619392,54.722492,58.199142,54.685707,54.80373,56.81687,60.109245,59.86288,57.660698,56.205597,57.767834,58.290733,58.405704,62.296246,58.343544,55.9667,53.81321,51.105556,51.817173,55.679462,57.38164,56.903522,54.689476,54.044884,48.658848,49.21239,49.43237,53.281754,46.62467,52.29497,61.588387,52.026524,15.094114,52.117306,41.81386,61.81913,57.106426,55.178295,54.564667,50.196194,18.565212,13.046657,0.37059253,45.051384,42.60952,51.218918,57.70546,59.09258,35.331657,54.865826,57.006626,55.67099,62.645054,45.625233,62.861732,66.08962,60.009243,54.776524,53.906025,63.881657,55.70338,56.614445,61.120583,57.090992,49.128277,56.92581,60.078445,57.20476,53.82558,56.576065,58.435223,58.361446,55.640694,57.915943,46.830456,49.94253,52.651485,52.928505,57.233974,58.55922,56.420326,58.206337,52.03813,57.733135,62.509254,51.390495,48.292313,57.716785,42.698036,46.277084,50.234127,58.00388,54.913834,57.260628,56.541496,52.212963,53.214115,59.53614,58.008236,63.72647,40.943085,59.063408,45.900116,54.19102,53.77642,52.503395,49.775833,49.904022,54.38813,51.84323,34.386433,38.700764,52.712082,60.633358,53.96685,48.117264,41.99544,52.711975,51.156784,50.070606,52.48448,56.245262,57.270737,56.850075,53.481693,55.99758,53.27964,59.63604,55.116596,54.316586,56.352207,51.699593,60.343834,51.84029,61.065365,58.168457,63.07958,62.74427,33.30506,42.796726,57.917427,37.44722,44.26625,50.489235,45.86431,51.264748,50.936367,47.26995,47.728798,45.709007,42.736267,45.64437,47.034508,39.00287,39.375416,35.40657,46.67741,44.782043,51.276714,53.487835,39.70105,48.48216,55.03615,44.822998,55.61463,56.057674,52.79186,54.247498,56.808144,56.463104,54.49727,55.054546,57.349724,55.106205,54.79159,52.824875,57.70794,55.58059,55.93232,59.223965,59.459774,50.71065,55.672398,53.687508,54.603813,54.793556,58.48419,58.52135,57.315853,56.56509,56.840878,56.7677,59.845825,62.86319,57.032955,54.60079,50.413715,47.878063,51.355164,53.263313,54.65281,55.11732,51.43587,51.772106,45.453773,51.513733,47.51276,50.381027,45.323208,45.792465,59.734688,52.47575,9.878425,53.430275,34.040424,57.50066,54.61841,49.979946,53.109753,50.44544,14.806801,13.422983,0.20881672,39.3599,36.45979,49.70906,59.10939,57.56515,33.987755,50.17439,55.1625,52.88235,63.56745,44.120712,59.595562,62.29366,56.002308,50.664066,53.41317,62.668415,54.302464,54.307858,61.132744,53.59393,49.998463,58.964268,58.11723,57.917496,56.847733,53.87621,53.940426,58.04142,55.948902,57.27686,45.80765,46.789246,56.09596,47.882557,56.458824,57.14093,56.237144,60.070484,51.879738,59.11648,63.78916,50.94161,46.668655,53.336838,41.96297,47.32988,46.753517,55.05033,55.93785,57.16195,50.64093,48.85207,54.446598,59.30563,53.878296,62.45493,39.369957,55.360966,29.46052
beliveau2017,cumi101,MNI152,1mm,8.178225,15.849324,9.808598,8.7509365,8.525578,10.723411,19.608238,11.873612,9.860097,11.986854,16.689287,10.876997,9.1274185,6.8741574,12.547741,4.4445095,11.894373,21.06373,16.319601,7.613745,6.299916,18.137548,19.850183,23.982903,17.695526,19.813196,19.892366,21.211538,11.490546,17.198578,18.307178,5.3144774,15.638994,13.806,15.559209,17.084898,12.46894,10.657458,13.454706,18.133984,14.921736,11.345379,22.879635,8.430968,9.229473,7.1823215,9.482256,8.844795,4.962577,10.511523,6.306135,10.253145,11.671687,9.853979,11.303147,10.985632,7.694124,5.8573413,13.414766,9.676446,15.863494,21.22386,24.695427,12.601892,14.481202,21.735266,9.757241,11.29562,25.434582,14.632169,8.676106,21.144571,9.6128235,20.700993,15.905669,26.14808,22.02141,29.288383,14.99658,19.36421,15.776281,11.808866,10.038333,10.586669,13.628089,11.635473,12.229253,24.09824,18.809334,27.271196,21.486221,29.663204,30.008467,26.494074,9.016164,12.442177,9.811148,8.222787,25.724955,25.46147,22.655733,17.63595,22.638754,13.885075,23.638336,52.356236,28.226103,20.10967,39.642426,20.024256,22.486916,40.722923,11.676943,17.358316,11.835212,10.167694,13.185,34.158802,13.393509,0.101469524,20.65372,41.117035,42.129868,27.862795,29.006323,32.44909,25.182978,31.396734,11.954667,23.186958,38.201824,31.571653,19.642406,26.811453,31.728178,31.139559,23.994797,20.745377,19.33085,10.946483,7.2309794,9.668475,14.199996,10.568387,14.909954,13.760107,14.87137,14.2661,10.571694,9.694691,12.996085,7.9454556,23.498442,25.57409,39.842384,11.233188,19.294178,16.633818,12.903049,27.506481,13.870821,22.857185,29.029785,26.04825,25.400095,18.120426,39.739773,32.473526,16.161133,13.957407,12.87254,41.603413,19.74362,23.493078,30.596935,28.903505,31.312517,18.298254,20.330732,16.89182,8.030439,18.936825,10.758958,11.2221,8.044193,11.262305,20.173052,12.558099,10.222463,14.260425,24.876429,15.452299,6.88365,8.576354,12.387464,4.434092,11.903297,17.571342,8.96154,17.93548,17.450804,10.233966,22.819307,20.984215,25.736391,16.59033,18.525896,19.077307,9.068985,18.983711,22.456532,10.162537,23.098585,9.241758,14.515406,16.586304,9.63784,17.371935,8.375286,23.012817,9.249247,8.2751255,17.498411,10.880006,10.056854,11.580586,8.15547,8.735034,8.154122,10.473344,12.4897,10.144299,11.792177,7.964591,14.637673,15.133427,20.945889,5.1585636,10.023456,19.36185,10.10735,16.984083,24.698977,11.647193,14.79075,22.09436,11.431519,10.76246,18.866096,14.477952,11.396374,21.876228,11.880844,18.105074,20.742687,19.857553,17.798088,17.681736,16.519022,21.483862,16.026625,10.258528,10.714218,8.301742,17.74586,13.532458,15.472511,25.921711,26.244982,27.100895,23.160433,30.387897,33.68371,34.435936,6.832208,13.097187,13.034632,7.3902135,24.960142,27.349833,23.231543,17.744528,20.582577,14.092589,21.395681,51.63806,26.493982,25.789127,35.581432,13.8749275,23.158045,35.540714,23.130415,23.65613,25.379307,14.032972,11.044696,29.847763,13.951352,0.017012322,22.824497,39.02602,44.206345,26.465443,32.488205,32.892044,15.540627,35.69464,25.236727,19.448517,39.33059,35.611446,24.778002,26.561823,20.115942,14.408565,25.139755,15.955544,14.70132,20.413948,16.284904,7.805924,14.682188,15.250884,6.888318,6.6097517,20.384594,19.330893,9.061893,10.378061,11.899387,3.8082917,24.16026,14.651746,31.668125,16.134886,19.48543,10.545213,16.820717,25.543678,17.615786,26.485348,26.292564,14.566655,16.392202,21.288523,46.02957,30.636047,12.892551,19.35597,17.615465,44.462307,11.660985,21.399988,30.465475,22.017477,28.192324,17.552593,10.51646,7.267709
beliveau2017,cumi101,fsaverage,164k,12.78285,33.147907,22.39604,17.68442,19.78095,23.242754,25.157091,20.170864,19.484003,27.50675,29.879635,27.925816,19.440083,17.972916,22.996954,21.428062,23.557577,31.68602,24.773272,27.920605,28.371908,27.459356,32.507103,25.55991,35.936195,27.834679,28.67237,37.650925,23.688381,27.74867,25.40038,31.857313,26.853794,28.968174,30.012587,21.691845,28.441322,34.37494,24.368439,30.025988,34.677788,26.10447,28.351234,26.848234,25.863823,23.917608,24.568491,22.399155,24.062607,23.127401,23.237314,25.63227,20.683352,23.36414,23.711014,30.370724,37.2812,24.402641,38.081085,36.63071,39.15902,35.296486,29.944458,38.55072,34.676044,31.489777,28.428692,29.059242,34.02316,29.284733,30.827478,33.626663,27.864532,34.733154,32.135117,31.751348,33.02754,35.363857,29.983309,29.755028,29.177921,30.972713,30.245193,33.50229,32.169388,32.74391,32.025814,35.972378,35.344162,36.21368,36.327957,34.58839,40.185566,36.365963,23.708662,26.679155,26.877565,27.830482,37.272427,37.955112,36.76295,34.306007,37.218063,26.652317,34.196693,53.981663,38.77217,42.93739,48.65565,22.362724,37.880943,47.086124,43.078503,47.26796,43.408943,33.492653,27.148449,47.793415,29.095806,1.7302482,25.195692,56.842655,45.934357,31.121191,39.61386,40.43117,47.343925,44.50895,37.12062,40.235268,52.267937,45.729332,42.403603,43.829975,48.218704,37.970715,40.147068,35.385094,35.394176,36.26989,34.44102,22.32222,32.033276,28.296053,26.546831,26.998224,35.89515,33.801586,30.39597,33.532875,31.570515,21.543592,30.460209,32.289394,50.58908,29.734058,35.51812,27.197718,30.92027,33.169456,29.152723,34.703407,33.079353,39.807446,41.382843,40.44838,51.73598,40.92745,33.795586,32.87428,31.89914,49.916115,31.57332,25.730206,35.13535,42.974255,43.593285,47.253555,35.995296,36.605396,13.869115,32.68569,23.831747,18.565931,21.518692,25.441093,28.723745,19.732841,21.021437,25.692518,31.351906,27.507124,20.712984,19.30301,23.526274,23.304415,24.768461,34.576717,25.866058,28.687447,30.933004,30.399591,30.713137,26.410759,36.34579,28.016714,28.59111,36.09714,24.48465,27.866495,26.536282,32.22199,26.736584,29.830917,30.59946,21.529066,27.575623,33.08531,24.67893,29.619892,34.38621,25.60574,27.639875,27.514763,25.901117,23.594881,25.483545,21.97051,23.201338,24.296019,24.474222,26.017874,20.551838,22.825977,24.356926,29.83535,36.85228,27.422195,36.96704,34.759853,38.910473,35.232758,28.969273,38.571445,36.98515,30.290905,28.838327,27.979294,32.892086,28.41706,31.165478,33.88523,27.356527,34.209595,32.387558,30.766302,32.167347,34.5995,27.930798,29.15564,27.933462,29.874865,28.923836,31.915834,31.534878,32.24009,33.18629,36.584625,33.777157,35.330128,34.52995,35.42999,38.438763,37.712326,24.001646,26.377699,27.39789,27.008924,35.473476,36.99304,35.417694,34.156418,38.512497,28.54016,33.17665,52.31909,39.52146,41.129406,48.53884,18.465384,36.816116,39.727913,41.33126,44.062912,41.47303,34.454468,28.812746,49.91548,27.89989,1.1875563,26.891834,58.00478,45.313362,29.856771,39.141224,39.168903,45.217884,43.201412,36.171955,41.08222,51.856133,46.34903,41.71393,43.80267,50.0033,40.267174,41.126564,37.67071,35.1758,38.20098,32.77814,23.152748,32.146942,29.09377,26.571505,28.244207,35.507164,35.095535,32.328133,35.02753,30.982037,21.024963,29.95776,33.947758,49.528866,31.11497,36.52478,27.79733,32.490005,35.393963,28.549482,33.75129,37.01318,39.61985,42.4628,40.504017,49.18727,39.569496,34.14615,32.390045,31.376932,51.734966,33.615772,24.777954,33.784267,41.729473,43.295574,47.209892,35.152756,28.424137
beliveau2017,dasb,MNI152,1mm,3.730179,2.2576861,2.3736205,2.7543616,2.033951,2.087668,3.4969025,2.486596,2.473539,1.592036,2.2584074,1.5093973,2.1834598,2.0285263,2.2110121,0.978392,1.9571981,2.804559,2.9897058,1.1956148,0.86766374,2.7409327,3.310903,7.3157372,2.243796,2.3357112,2.794055,2.7096443,1.5603389,2.8560405,4.0170417,0.9928974,3.2023304,2.8617547,2.8653655,3.8328772,2.267283,1.727043,2.2221076,3.7063444,3.0963821,1.6235383,3.495871,0.99029773,1.1595435,0.8926692,1.3236257,1.2501525,0.60745865,1.5099378,1.1191368,1.6580207,2.4962409,1.4751,1.7440901,1.3841136,1.5076998,1.9824988,2.6384056,1.578518,2.2617068,2.7706232,3.040622,1.5641557,2.0346892,3.5698435,1.1872118,1.3121245,2.8803935,1.5395988,1.0045937,2.5112276,1.3083965,2.654214,2.4304051,4.0150924,2.6874561,3.6141315,2.3565204,2.9188387,2.5122511,1.7921857,1.460854,1.3510269,1.9210145,1.5640869,1.5704238,3.0452688,2.3610415,3.2142475,2.467175,4.8566256,3.9119916,5.0120587,1.2740648,1.6274452,1.2476164,0.92011553,3.4124203,3.7314143,4.1912756,5.0843887,5.150229,3.8726144,3.5942442,9.431827,4.7556453,2.6920302,6.414742,4.512771,3.8850377,7.4346213,1.669978,3.0853243,2.366755,1.232239,1.670166,5.1906857,3.4970918,0.34939942,5.1381164,6.266844,5.8284793,5.3163304,4.0353975,4.438473,3.45128,3.6863964,1.590948,2.3976905,5.2484074,2.7282584,1.675808,2.15023,3.447553,3.1367812,2.41054,2.2216465,2.6521146,1.5209489,0.9774393,2.093442,1.7683727,1.3277777,1.9910232,1.9931153,1.9827628,1.59151,1.187316,1.225961,1.4266801,1.5386966,4.7378325,4.3323865,5.5903063,1.5333961,2.313112,2.5819528,1.9246345,5.017596,2.2503352,3.5937202,4.196279,5.061185,3.7456102,4.1527996,7.613013,7.993787,2.623753,1.8938054,1.8271958,3.4490979,4.686537,6.1571083,4.6281023,2.9032154,2.6897335,3.4177837,3.2593458,2.9299514,3.3283305,2.0444531,2.606727,3.2007449,1.6080575,1.9737114,3.038697,2.6211941,2.1796422,1.8577062,2.857541,1.8262721,1.5463562,2.1329098,2.2547019,0.89480454,1.6934566,2.2313118,1.510006,2.552337,2.2637253,1.3650374,3.4109287,6.009862,2.9760652,2.1003733,2.5491304,2.3920803,1.1951318,3.0672207,4.94877,1.8408085,4.622186,1.8716809,2.5619628,3.9681153,1.6336488,2.8251019,1.3832643,5.1313486,1.8682216,1.1110831,3.1003325,1.3114829,1.1882315,1.3879982,1.0548177,1.1189374,0.99380755,1.3663064,2.002119,1.5465262,2.3944242,1.154342,2.2985213,1.7618643,4.152196,1.7409216,1.9760251,3.1456213,1.5880289,2.3494744,3.0885754,1.3604326,1.7782435,3.9928575,1.1986245,1.211157,2.0349765,1.5418785,1.2321084,2.5180635,1.5634354,2.257029,2.8563485,3.1360872,2.1846673,1.9947104,2.4843652,2.9617898,2.3410149,1.4240452,1.3465867,0.98070854,2.277889,1.6656023,1.7428919,2.9591904,3.4427366,3.1533446,2.8423474,5.133663,4.2784185,6.9436846,0.9231662,1.679638,1.3945662,0.7729706,3.057386,3.765431,4.3014135,4.944712,4.536196,3.8290381,3.2917733,9.298052,4.484796,3.384425,5.5711074,2.8918195,3.849671,6.3345523,2.9554813,4.36492,4.902163,1.4252256,1.3457294,3.978337,4.3078017,0.051220734,5.6480265,6.1325808,6.734123,5.106864,4.6572967,5.1382675,2.2585337,4.524261,3.487432,2.1117814,5.5018725,3.0276046,2.1900377,2.1206186,2.2730942,1.4447314,2.4069037,1.583991,1.9716262,2.3132906,2.2617044,1.8011239,1.7405231,1.6861374,0.84895873,0.8968301,2.416162,1.9399645,0.89853746,1.2306088,1.2332112,0.7631877,4.6667266,2.355182,4.5390806,2.054133,2.0244422,1.5193076,2.2948415,4.262183,2.935487,4.2358975,3.4596682,2.709193,2.0276728,4.7526307,8.999841,7.0992956,1.9397701,2.5237374,2.3386087,4.3465495,2.5883482,5.89417,4.6062937,2.460719,2.4547398,3.2619698,1.6974145,1.4570856
beliveau2017,dasb,fsaverage,164k,5.866115,5.139138,5.2281103,5.275958,4.6283083,4.3401027,4.378295,4.293985,4.6609735,3.711186,3.987932,3.7976506,4.8856645,4.960989,4.0831914,4.530546,3.7984395,4.1968584,4.3782268,4.3416896,4.0301166,3.8407235,5.162108,8.085284,4.36852,3.2165487,4.124913,4.740332,3.3165452,4.5087442,5.709391,6.7314353,5.4444747,5.8993535,5.413949,4.8520412,5.292894,5.8808804,4.0980473,6.4867687,7.1600695,3.4009838,4.3626094,3.1211183,3.1745393,3.0065744,3.3784602,3.1021087,2.936434,3.2936132,4.633682,4.2795053,4.581854,3.6343994,3.604751,3.8898613,7.769455,7.1775937,7.4870033,6.2027307,6.2941995,5.0122805,3.7375157,4.975059,4.9513993,5.1177506,3.379509,3.3991294,3.9189925,3.124136,3.522439,4.0700593,3.931408,4.615254,4.980674,4.8320737,4.0814805,4.2866426,4.7363505,4.406809,4.68131,4.633243,4.282231,4.2069736,4.4789925,4.3269486,4.0214744,4.5932345,4.5010047,4.255687,4.385298,5.5690827,5.5185986,6.8859134,3.4200902,3.56002,3.4086509,3.0624287,5.045862,5.73326,7.301576,10.024366,9.027411,7.907593,5.761497,9.789016,6.7085137,6.2415295,7.9161167,4.9545765,6.7944126,8.498004,5.833275,8.3515215,8.421617,4.1962976,3.8422687,6.244726,3.3151605,0.15766425,6.5968103,8.427286,6.2826467,5.919342,5.379325,5.7984586,6.322655,5.1487513,4.969235,4.2741575,6.9016724,3.91837,3.751788,3.42177,5.304053,3.944454,4.229801,3.8644602,5.011345,4.758133,4.3954053,4.7212415,3.63615,3.4344263,3.4418876,3.7923388,4.7605057,3.7840123,3.2698445,4.0118375,3.426877,4.166855,5.9111414,4.971903,7.2257843,4.6072288,4.5567775,4.0560074,4.5166507,5.792218,4.8596015,5.614538,4.6877365,8.916174,6.1768794,9.306293,9.888994,10.255663,6.111168,4.464721,4.327072,4.130959,7.7724895,6.8602533,5.297887,4.2877297,3.7437985,8.663881,5.7126045,6.9377065,5.7208877,4.6422553,5.402988,5.024149,4.465027,4.1267715,4.278577,4.143042,4.4245043,3.377603,3.6240656,3.3225384,4.579793,5.117353,4.1385226,4.1512704,3.5020616,4.147118,4.0661116,4.0080466,3.9387698,3.6574457,4.8745556,7.8768873,4.179119,3.2851946,3.9540963,4.3962197,3.1240125,4.495059,5.8815436,6.7552724,5.2652173,5.9950075,5.3827524,5.0937605,4.9924474,5.659748,4.1969886,6.550621,7.0230865,3.1989307,4.486255,3.1356723,2.9626358,2.7793283,3.215195,2.9596257,2.762901,3.1353889,4.199625,3.9495316,4.3189325,3.4819043,3.739065,3.3113058,7.5827446,7.4799895,7.122518,5.6364613,6.321839,4.8218327,3.623828,4.730099,4.470296,5.4655237,2.989141,3.1480844,3.6876738,2.961189,3.368908,3.9414208,3.4634273,4.118756,4.5376754,4.907908,4.037303,3.921552,4.236226,4.1644554,4.1393013,4.2188673,3.6700275,3.6830423,4.0266914,3.9199867,3.8010101,4.2011,4.3434205,4.0834594,4.2145524,5.951368,5.1205325,7.4770613,3.1746545,3.4630346,3.1107526,2.8515732,4.428944,5.2300663,6.872905,9.482063,8.731027,7.5001535,5.1081853,9.629267,6.8456683,5.6847477,7.5679436,3.738253,6.314128,7.032275,5.366556,7.7517085,7.997254,3.7915454,3.4491682,5.9330096,3.6591163,0.10014327,6.970679,8.753785,6.87811,5.7409368,5.51855,6.093939,6.437009,5.4340086,5.0118546,4.3923626,7.132256,3.9472363,3.6367831,3.4808774,5.553037,4.1390667,3.955704,3.7021558,4.7906914,4.439682,4.1064215,4.8853736,3.52622,3.1284153,3.1415453,3.5815954,4.2299275,3.4366612,3.087008,3.8730817,3.1495645,3.994814,5.5770264,5.162896,7.175497,4.3536267,4.104123,3.949418,4.2906003,5.7483807,4.917545,5.4723864,4.8228126,8.558791,6.0631156,9.2574835,9.802485,9.672953,5.5120463,4.266291,4.11428,5.039119,7.524981,6.6418633,5.062834,4.511984,3.6974857,8.624101,5.348321,6.0829735
beliveau2017,sb207145,MNI152,1mm,0.9135476,1.0771042,0.8578094,0.81580573,0.76270485,0.8969497,1.6129158,0.79140896,0.6889887,0.80608207,1.1779251,0.7551617,0.8549081,0.6743981,1.193454,0.43029162,1.0471486,1.4175974,1.4014177,0.60497063,0.47493526,1.4050668,1.4650017,1.862303,1.288798,1.413917,1.5339775,1.5577276,1.0643814,1.5317241,1.583953,0.39038372,1.3778937,1.1919664,1.2859868,1.1049494,0.844218,0.765743,0.87344617,1.1300596,0.90776384,0.8178011,1.5489055,0.5832786,0.7096036,0.59218484,0.7188526,0.77665806,0.39414135,0.906306,0.39885628,0.73550445,0.78313446,0.6721379,0.72813827,0.7211235,0.45488247,0.45409414,0.7967708,0.64093465,0.8835766,1.4144645,1.7281024,0.7519292,0.9706121,1.506482,0.7231598,0.8063139,1.6389462,1.0462348,0.6055498,1.3375376,0.69711107,1.3207918,1.0628396,1.7888577,1.5139115,1.927926,1.0398227,1.3827883,1.1136247,0.8453529,0.72978556,0.73471695,1.0019867,0.82408196,0.8308548,1.5401154,1.2651438,1.7537483,1.3725178,1.8351543,1.729844,1.5366894,0.7914476,0.86640793,0.74055904,0.6026884,1.6934869,1.6326455,1.5183641,1.0228581,1.1900117,0.96994907,1.6944171,2.287086,1.729021,1.1576823,1.9329431,0.8574714,1.207886,1.7745435,0.76404923,0.9386187,0.67968476,0.7478595,1.0383797,1.3130722,0.67842066,0.028346164,1.4004176,1.6760749,2.4043162,2.0419703,2.0169137,1.3054163,1.2254549,1.9067047,0.80641395,1.530826,1.763367,1.9819584,1.2990073,1.6609077,1.613079,2.022684,1.6683,1.4475473,1.3535733,0.75109047,0.5145903,0.87966245,1.1620779,0.9041814,1.3223468,1.162604,1.0606422,1.0836728,0.8705319,0.71327734,1.0496273,0.7018213,1.5760871,1.7304847,1.6855332,0.8407833,1.4010731,1.410924,1.0326332,1.8481083,1.149353,1.7429546,1.8205042,1.4611983,1.4238898,1.0115051,1.8023605,1.7720108,0.9838385,0.94371116,0.92440873,2.0922031,1.3006936,1.7561642,2.22764,1.7741405,2.023277,0.80083835,1.3099891,0.9881443,0.8380361,1.2406164,0.88023853,1.019257,0.66676545,0.95735794,1.4490216,0.82475334,0.6344957,0.9923617,1.5731207,1.0636472,0.64936346,0.6990536,1.1400372,0.41412517,1.0017107,1.1393276,0.77835816,1.4766927,1.2376231,0.75268877,1.6572695,1.513582,1.84967,1.1232761,1.4816966,1.4063934,0.80506784,1.6629795,1.8577148,0.76572967,1.9554932,0.79157186,1.1790932,1.0422072,0.66198367,1.2669797,0.54274213,1.4441344,0.5598982,0.6302854,1.1386707,0.7298256,0.8010823,0.986246,0.63343924,0.7400961,0.66986555,0.8819898,0.7626101,0.6820686,0.73757726,0.5387687,0.9573597,0.9519806,1.3341001,0.4053204,0.6000498,1.145756,0.5445532,1.0751358,1.741566,0.7210304,0.8998152,1.467865,0.771681,0.7556227,1.234194,1.0392215,0.77297616,1.3840107,0.8175756,1.1605293,1.3264476,1.3703018,1.2363287,1.0961093,1.1350784,1.3771584,1.1248507,0.74719816,0.73823774,0.5635324,1.2492332,0.91067225,1.015204,1.5906487,1.7840669,1.747568,1.4621378,1.7650033,1.9585929,1.786646,0.5993048,0.88190514,0.8804555,0.5057356,1.5892782,1.7625847,1.5224473,0.9543733,1.0160387,0.913552,1.4974705,2.2637334,1.5565375,1.4478219,1.6623689,0.51940745,1.2236203,1.4810818,1.4036961,1.2638961,1.3304257,0.925484,0.8579144,1.033862,0.76400155,0.004183052,1.4359757,1.459625,2.4936714,1.9878199,2.201159,1.4788811,0.79501355,2.1783116,1.6919588,1.2398745,1.7389665,2.0721176,1.6315138,1.5700705,1.0024172,0.87623245,1.6890918,1.031191,1.0436689,1.4141855,1.1647912,0.6966728,1.207321,1.2616116,0.5977724,0.5661681,1.3954971,1.3571038,0.71585405,0.7444313,0.95380706,0.3272178,1.6174421,0.9734477,1.4326594,1.1047146,1.279624,0.9359823,1.2592694,1.6176316,1.4560866,2.026227,1.5512533,0.8454821,0.9248697,1.2112834,2.135514,1.5429925,0.758943,1.2956138,1.2836546,2.0331302,0.70486593,1.6460633,2.243857,1.3028572,1.8434905,0.6935224,0.6266865,0.39564088
beliveau2017,sb207145,fsaverage,164k,1.4263976,2.243004,1.9375393,1.6040769,1.745885,1.9397365,2.0372088,1.3749657,1.3292811,1.8874485,2.0813112,1.9279774,1.886955,1.6593428,2.171683,2.0507212,2.0597503,2.1389236,2.1187115,2.2287393,2.180326,2.0741916,2.3203764,1.9485376,2.6615276,1.9985614,2.284316,2.7846632,2.197163,2.4398608,2.1968641,2.4227636,2.3573122,2.4527154,2.4894776,1.3952498,1.9284557,2.3337753,1.589106,1.894212,2.0830247,1.9416785,1.9099673,1.8740451,2.076802,2.021779,1.9420075,1.9294801,1.953751,1.9766215,1.5379072,1.8154956,1.4048837,1.611979,1.542158,1.9670465,2.3559802,1.729914,2.2516992,2.1911383,2.1706278,2.349089,2.1077785,2.3650134,2.2834666,2.18771,2.0765593,2.1004152,2.2062144,2.1266856,2.1697168,2.1575701,2.0434237,2.2465715,2.1682658,2.175892,2.3045201,2.3092,2.083656,2.1073565,2.0696492,2.2246373,2.1841376,2.3291266,2.3344498,2.2996838,2.183843,2.2757707,2.3951154,2.3309805,2.342093,2.173999,2.2708042,2.0706882,2.1218553,1.858886,2.0082645,2.0576363,2.4295294,2.413446,2.3590016,2.0027883,2.0129788,1.8834835,2.4331758,2.37887,2.29059,2.4087691,2.4546103,0.9363031,2.1491354,2.083427,2.5379868,2.5302289,2.387012,2.3765554,2.16829,1.775193,1.2158184,0.06512165,1.7689292,2.2667246,2.5670602,2.2548003,2.7180254,1.7053716,2.277152,2.6965988,2.52059,2.6428766,2.437448,2.8205955,2.8400621,2.7008648,2.3860605,2.4775553,2.7932394,2.487292,2.4966247,2.5731814,2.552741,2.0152545,2.6052115,2.3460398,2.3296616,2.2863128,2.5816276,2.5798256,2.5075479,2.556272,2.608,1.9402124,2.0138483,2.0750787,2.2744458,2.2280571,2.4316227,2.2953346,2.4144042,2.1648092,2.3544207,2.6307983,2.052625,2.3205216,2.3813066,2.2172089,2.3206637,2.235001,2.1118743,2.232192,2.327963,2.5183473,1.9455087,1.9057511,2.5529404,2.6433227,2.8152573,2.0871184,2.324095,2.1252007,1.4562411,2.3224187,1.9405091,1.6556672,1.8323375,2.0660744,2.0639436,1.3135161,1.3013384,1.8048229,1.9862745,1.8888853,1.9358857,1.7026249,2.2038293,2.1430147,2.10504,2.1607766,2.2139015,2.2872102,2.215809,2.125555,2.314093,1.8447446,2.6098585,1.9354931,2.2599797,2.6810231,2.1384842,2.429369,2.2134233,2.4969888,2.245219,2.5103657,2.4806037,1.3546267,1.87193,2.3147345,1.5699522,1.840006,2.0158703,1.9698957,1.852247,1.8300209,2.005352,2.0056384,1.9667535,1.9080458,1.9415421,2.0347984,1.5265226,1.7742682,1.3097811,1.5864673,1.6001064,1.848093,2.3679256,1.9022608,2.169134,2.1009111,2.044748,2.1753058,2.039125,2.2941105,2.2193413,2.024585,1.9543166,1.9629813,2.1217923,2.0407145,2.0880365,2.144105,1.881473,2.130911,2.0902722,2.096555,2.2520967,2.162762,1.9256775,1.9168724,1.9760951,2.1407146,2.0100482,2.1679943,2.2196126,2.163131,2.1683958,2.2321665,2.2945337,2.277374,2.1627235,2.0710557,2.2033432,1.98109,2.0548556,1.8063155,1.9015073,1.8891126,2.2606156,2.3636253,2.3249834,1.8927045,1.915986,1.9089519,2.3297663,2.36582,2.1669588,2.266016,2.3532915,0.6658528,1.9958569,1.6652323,2.408606,2.3081596,2.1342044,2.2561767,2.094601,1.7343856,1.241333,0.04108018,1.7533176,2.1070797,2.4724405,2.2370377,2.656968,1.7903633,2.1309543,2.6202931,2.4423723,2.6136026,2.2988927,2.6538692,2.743337,2.5481324,2.291376,2.417983,2.779182,2.4328625,2.505785,2.6706057,2.3132863,2.0360966,2.6470144,2.3001254,2.2935185,2.422383,2.4988275,2.449162,2.5470815,2.554974,2.5455148,1.9136373,1.9807209,2.1616611,2.155312,2.243916,2.4467108,2.444536,2.453953,2.1716003,2.3606122,2.589853,2.1054883,2.2947521,2.2970471,2.2312992,2.3040116,1.9872249,1.9950368,2.1745703,2.2897418,2.3783338,1.872915,1.9282136,2.4974597,2.493687,2.7897785,2.048904,2.143857,1.591807
castrillon2023,cmrglc,MNI152,3mm,29.857315,27.035112,29.997213,29.430168,27.190788,26.898104,29.069567,26.177233,27.770983,30.109962,31.853415,31.354391,25.854364,25.493443,35.338505,29.136097,28.639376,27.256811,24.287037,26.635363,26.632496,27.01717,28.272608,34.970604,29.771832,27.67688,32.38604,29.095837,32.608128,38.23247,31.32873,34.59537,34.8663,38.214035,32.990086,25.543768,26.94009,27.685692,24.241795,29.304886,26.737957,25.532898,30.102236,28.273525,27.770521,28.95951,26.954897,27.633791,26.646883,28.157175,26.603271,27.486322,23.77989,27.923233,26.500593,28.038635,28.7144,19.420948,24.305567,27.74825,27.943476,30.054655,29.885628,30.08108,31.210215,32.714172,31.87874,26.623476,28.19636,27.7039,27.360271,27.029192,32.084568,32.806892,32.569065,29.523811,30.65552,30.000101,26.901623,28.12269,29.12181,28.041271,32.46875,31.689007,32.61418,29.604551,28.313267,27.5744,28.722462,25.379114,30.32662,30.256601,28.151573,27.928381,29.147707,26.929592,30.913033,31.037817,28.777157,27.536602,30.803415,28.192345,23.85459,25.107689,28.88336,26.87141,25.570742,30.93039,30.679562,18.019938,29.107788,24.92438,29.52475,29.083853,27.645517,26.878355,28.326803,17.298285,17.940144,15.785411,26.545538,21.686094,22.519,31.457104,27.41189,22.840149,25.418806,25.67697,25.58667,26.54594,21.77036,28.781012,28.98757,26.386631,24.674543,26.835587,29.103176,26.44926,26.49724,29.572412,29.598228,29.993582,26.951809,31.858362,31.861368,27.060808,27.534527,28.509844,31.847685,29.399097,30.374367,26.735851,28.164509,28.741053,25.394276,26.519588,28.017757,26.957819,26.986774,25.845316,32.49264,37.41858,29.211227,26.636217,29.222572,23.209927,26.184437,28.31543,30.939215,28.062346,28.620848,23.701859,29.816065,29.455072,27.471645,23.96669,29.30195,20.876078,28.526325,24.907818,28.96665,28.466007,29.585608,28.590675,27.290096,26.428453,28.35693,26.658573,27.373825,30.390575,30.856863,30.378977,27.050337,25.026642,34.880863,28.6429,26.917868,27.307156,25.49476,26.226593,26.354761,26.51063,28.791773,34.110847,28.808708,28.982271,31.416273,28.340303,31.94159,37.351757,31.3345,34.3489,33.019615,37.545895,30.64525,25.952633,26.508356,27.150352,24.55666,29.506512,26.134184,25.874474,30.082533,29.317259,27.024654,29.031372,26.426273,28.819695,27.479189,29.21141,25.397398,27.224754,24.130646,27.308584,26.85164,26.65934,28.434122,19.36068,24.449448,26.243929,26.368713,28.485909,30.881794,27.157715,30.039003,30.499802,31.056688,28.692177,27.3896,28.829828,29.010334,27.528212,30.41099,31.53239,30.787764,28.265642,29.690296,29.048496,27.044327,27.32429,28.710148,28.118929,31.534502,30.836922,32.357216,29.981607,29.08133,28.43168,28.726013,26.21108,30.280563,28.713604,27.33983,26.163,30.574118,27.827652,31.558388,30.844044,28.86363,26.947828,31.636698,28.23132,24.310421,26.733074,27.67968,26.87056,23.497236,30.777197,30.904858,16.689182,29.764408,23.014505,29.454454,28.498236,27.374945,26.864088,27.477682,17.393549,18.483187,15.739961,23.627426,21.109179,21.165438,31.572,26.658072,22.8126,24.093613,25.942984,26.3385,28.894186,20.987972,26.429386,28.75373,25.383015,23.776379,26.073736,28.43584,27.034182,26.924559,29.076273,26.83649,28.089264,27.071642,30.903793,31.363052,27.291191,26.663198,26.064661,31.320898,29.489244,31.274849,25.760546,28.356033,26.180296,25.050863,26.278095,28.463741,27.3126,27.482138,23.267794,30.698542,37.142117,27.605082,25.9261,27.185278,23.071198,27.320732,29.512253,30.528269,30.434679,28.703465,21.923784,27.540407,31.943752,25.889065,23.366238,28.525509,21.02914,27.50397,21.273346
ding2010,mrb,MNI152,1mm,0.025630316,-0.030428503,0.06279717,0.010357526,0.06309544,0.06363936,0.061060246,0.19732432,0.21077754,0.08581644,0.047862377,0.13810977,0.08262381,-0.17357408,0.0813743,0.10857474,0.0593031,0.013243193,-0.004089349,0.096555114,0.0958852,0.07126947,0.071700916,0.1172088,0.10896424,0.040457968,0.0912794,0.1273867,0.07260685,0.08752827,-0.008992179,0.08789762,-0.025437046,0.020043368,0.046198577,0.14134574,0.09701458,0.07580348,0.13244912,0.1887796,0.15398678,0.088959605,0.13526946,0.06931799,0.06891993,0.07159125,0.06432381,0.05840378,0.07564365,0.04936437,0.19432664,0.10577822,0.11584114,0.13805428,0.16950886,0.21458313,0.1475598,-0.00054106576,0.076458946,0.09549895,0.017224716,0.054376032,0.038446542,0.061795205,0.042127896,-0.015187565,0.06323064,-0.020773228,0.013262302,0.0039107213,0.028527442,0.0008371204,0.0054990198,0.06533648,0.06863832,0.048082285,0.07217214,0.05222169,-0.050868463,-0.07817997,-0.011687153,0.037375957,0.052859116,0.08363186,0.11933209,0.04947516,0.05294959,-0.033033475,0.06767532,-0.0089582885,-0.027877321,-0.06308283,-0.048444018,-0.04364743,0.027069807,0.00887635,0.051920027,0.030707998,0.15025076,0.16781062,0.124505445,0.04172351,-0.030184904,-0.04965117,0.06626551,0.06037465,0.025123248,0.009900484,0.04674868,0.017015629,-0.051084895,0.01023191,0.087769836,-0.013174879,0.02170869,0.06387262,0.011741644,-0.15909004,-0.051859334,0.056112204,-0.04254331,-0.108872384,-0.060001932,0.08322849,0.09681932,-0.08845867,0.0010314265,0.008180575,-0.03730122,-0.04196072,-0.07867051,0.031188248,0.027506523,-0.023914782,-0.03568181,-0.0150474785,0.087450646,-0.017369272,-0.031287506,0.030997595,0.041160554,0.08684116,0.116445795,0.023294361,0.07455019,0.06254878,0.18347645,0.11092689,0.09526568,0.010700764,0.09893119,0.11817915,-0.015679378,0.065112114,0.0007073667,0.07775977,0.0115135405,0.09231061,0.10501026,0.014010233,0.07119725,0.10630134,0.030443842,-0.06056964,0.0046162587,-0.110584885,0.01092898,0.034918364,-0.050218884,0.05040646,0.07335906,-0.018708495,0.06451736,-0.008751939,0.14501682,-0.018549114,0.01883968,-0.007853134,0.05317964,0.035448078,0.018707365,0.02189549,0.052397694,0.0252501,0.056052096,0.054119613,0.059301704,0.18731937,0.21589674,0.13439251,0.12496415,0.14869322,0.080245666,-0.15891898,0.051079605,0.09645385,0.043656327,0.03290009,-0.0070774117,0.061205316,0.084081486,0.07620049,0.083836615,0.18992974,0.13948482,0.06606286,0.087824866,0.13165991,0.07292368,0.080894955,-0.05134465,0.086600885,-0.054363072,0.02108662,0.012791092,0.21421792,0.085317895,0.053619776,0.1663062,0.18780598,0.16343305,0.093700774,0.15331142,0.07118708,0.07094594,0.063820146,0.095619135,0.07416227,0.07462754,0.06253984,0.18877171,0.12858112,0.11559631,0.14822274,0.14457278,0.18557917,0.15038595,0.023229027,0.10111061,0.09386167,0.014481516,0.06824627,0.05502556,0.06428397,0.061968073,0.02356157,0.080923095,0.039092325,0.016751237,0.014791219,0.043596286,-0.012712205,0.067799844,0.122950785,0.110305436,0.07551309,0.0854522,0.10538581,0.02235317,-0.01664017,0.086011745,0.10032373,0.12986898,0.122377194,0.142123,0.10401141,0.06042404,0.0038875793,0.09900227,0.0047066887,0.01932866,-0.047016952,-0.059512958,-0.0048160492,0.034980938,0.032980327,0.08363242,0.029071705,0.18848129,0.18455285,0.16676523,0.08342817,0.05058463,0.07812227,0.049678333,0.10700287,0.03331755,0.0768654,0.10838731,0.023875792,0.03691695,0.048077367,0.15086153,0.033640742,0.06539073,0.14832251,0.028214814,-0.12022496,-0.024976032,0.05254947,-0.115686886,-0.16865896,-0.06516816,0.18933085,0.101049535,-0.07916551,-0.026064059,0.0507166,0.010816392,0.03373034,-0.097811624,0.035644803,0.107833534,0.02728402,-0.033163335,0.0012969677,0.10224703,0.050991606,0.023750573,0.10241209,0.018658016,0.017158488,0.10685845,0.05146682,0.075399324,0.051203962,0.20932436,0.09820794,0.11120638,0.06483529,0.1158248,0.08733787,-0.00015089559,-0.012157711,-0.018062575,0.082245365,0.054071806,0.102881506,0.11031187,-0.0832359,0.045120873,0.10049923,0.021861961,-0.06196119,0.00016794277,-0.10375204,0.0819913,0.10124125,0.03167418,0.07258129,0.12090961,-0.05731762,0.0993029,0.1701213,0.10937703,0.016132468,0.071457714,0.013874305,0.07597442,0.0020844692
dubois2015,abp688,MNI152,1mm,2.315314,2.291057,2.3990078,2.3104136,2.251118,2.2237525,2.409651,2.1188745,2.2384458,2.331388,2.6050813,2.4761984,2.159811,2.1404986,2.482167,2.2577837,2.2141838,2.3928752,2.103137,2.508946,2.3960774,2.3257935,2.5322237,2.6368775,2.6981053,2.3437307,2.649729,2.751756,2.533235,2.7091444,2.4984944,2.8528688,2.6533265,2.7817495,2.6055243,2.1804368,2.4935007,2.6033502,2.20476,2.5110812,2.5995727,2.2833579,2.4821575,2.3564115,2.4433148,2.3223515,2.2879174,2.219016,2.255725,2.1832616,2.2554538,2.2287376,2.038276,2.2575543,2.263319,2.4795296,2.860002,2.3445137,2.7946465,2.7805321,2.7823114,2.8588796,2.595127,2.9186773,2.923998,2.3220248,2.5026019,2.283021,2.6981895,2.2988253,2.400748,2.5218437,2.498005,2.6657312,2.6107483,2.6268027,2.5832088,2.6168723,2.2839966,2.2846437,2.3736074,2.5091405,2.5977309,2.6386178,2.6369839,2.4932606,2.4386463,2.6848671,2.4390135,2.3835697,2.2920191,2.1826017,2.534552,2.530594,2.2018616,2.2163033,2.4223897,2.421166,2.7596388,2.7675407,2.7720191,2.5171797,2.3889816,2.255146,2.6636772,2.6329427,2.5444329,2.76769,2.8117008,1.6190964,2.5079517,2.3252733,2.873261,2.5811455,2.719426,2.380634,2.310616,1.6273146,1.3426969,1.1442978,2.2775645,2.3903284,2.4651678,2.6569226,2.631418,2.0074704,2.5712724,2.440598,2.226718,2.4447076,2.2829773,2.7637835,2.6944537,2.427769,2.3759482,2.4118152,2.7527788,2.3438902,2.3631265,2.646813,2.493884,2.424052,2.5634727,2.446982,2.425061,2.411614,2.706473,2.606211,2.5214067,2.5424738,2.5471234,2.292765,2.3447773,2.4147098,2.5156631,2.4026217,2.4207969,2.3446503,2.5389476,2.099688,2.653092,2.9345973,2.4862065,2.5558383,2.7931283,2.4747336,2.504703,2.6030135,2.6572201,2.4092638,2.5235946,2.4335759,2.621891,2.2859206,2.6877706,2.4623277,2.6669948,2.3761516,2.8245552,2.834181,2.2733753,2.3939812,2.4124396,2.2894084,2.2897196,2.2544732,2.2549834,2.1347306,2.2027488,2.3458169,2.464593,2.429988,2.222864,2.1340704,2.5112207,2.3280003,2.2202737,2.3927622,2.1085043,2.2726772,2.4497628,2.3832054,2.4980385,2.668308,2.7702832,2.3548281,2.6180372,2.6676729,2.4847043,2.7184553,2.4943523,2.8665895,2.5496514,2.8378708,2.5442283,2.1279194,2.4424503,2.564118,2.1483753,2.5127814,2.5022883,2.2154472,2.477346,2.3368394,2.3522775,2.2951436,2.2270916,2.2533815,2.1836767,2.2368681,2.239858,2.2777154,2.036826,2.1876469,2.1817198,2.459762,2.8444383,2.395038,2.7518744,2.643688,2.6860118,2.8377373,2.629872,2.8659594,2.8542569,2.3025963,2.4078772,2.3929908,2.7083144,2.3746371,2.4551735,2.5561051,2.5139196,2.692379,2.6275146,2.6427257,2.5669577,2.551452,2.348975,2.272178,2.5266552,2.430195,2.5611682,2.5915282,2.6625402,2.5354795,2.5045855,2.7095127,2.437039,2.4492295,2.2880685,2.323315,2.47333,2.5736012,2.282542,2.2784023,2.3459616,2.4345539,2.6812072,2.7447267,2.7729256,2.5311985,2.384978,2.3831642,2.5935829,2.7973208,2.5488966,2.7754,2.9617305,1.5381217,2.7179813,2.2158344,2.849071,2.7054794,2.6882534,2.482504,2.3160863,1.5817319,1.4650694,1.140565,2.1971529,2.3027596,2.512078,2.6939135,2.6348581,2.0953436,2.49106,2.5874214,2.3196266,2.7200208,2.3392847,2.6884694,2.6982229,2.5339131,2.3783364,2.329647,2.6866813,2.4225404,2.497929,2.7046864,2.3494837,2.3881152,2.5914116,2.4582,2.4028168,2.35016,2.7109082,2.5991573,2.5905929,2.6008992,2.6435723,2.2689,2.3628497,2.3225393,2.479809,2.4760363,2.5119598,2.4157093,2.626854,2.0122228,2.6060023,2.884436,2.5122213,2.4276104,2.569525,2.5207696,2.638465,2.6938682,2.6761723,2.547837,2.5373318,2.467794,2.4953854,2.5632825,2.6378894,2.5585747,2.6383471,2.4967692,2.7664356,2.2549672
dukart2018,flumazenil,MNI152,3mm,82.021935,62.621136,66.78456,75.38312,71.38631,69.721115,74.43623,54.026436,58.500683,59.92995,67.62384,64.15875,65.507126,47.531292,71.79829,69.2212,64.66125,73.70205,57.231747,70.20716,70.451584,71.13571,71.88715,74.851494,71.54706,62.596012,71.6261,74.32067,69.36906,76.989716,75.62179,75.212746,74.47771,78.130844,66.04694,58.633934,57.78754,59.252583,60.973106,66.002846,59.864105,60.93154,64.6389,63.113003,66.37462,67.04116,62.815018,60.087856,64.631714,58.709225,59.61796,61.238068,48.829758,57.424225,58.60336,62.4683,73.38817,42.644646,65.43114,65.647194,78.45561,71.12979,69.334496,73.46175,77.395706,68.89622,68.360016,59.295315,68.53736,62.05897,66.33198,64.03877,68.568115,72.35399,68.296425,70.536385,69.132065,67.28157,54.117905,53.40309,64.148415,65.04701,72.19775,73.60735,72.87942,70.21218,68.46537,72.41031,67.689865,64.52332,66.44353,68.13181,70.254684,73.09977,64.78881,56.109295,66.94759,67.84238,70.77717,70.790474,75.01547,67.54055,56.531403,57.294315,71.74944,71.23577,72.46651,71.7122,75.1393,40.26304,68.27417,68.29115,79.169975,63.47939,71.61204,64.3694,66.598495,41.243717,27.782923,22.937958,71.73327,65.54918,65.42795,69.47695,72.91125,58.95911,73.477394,70.67848,64.117714,68.33072,62.964993,74.27491,77.057816,69.3132,66.889084,69.31106,76.32372,73.30873,64.25178,76.9195,73.030266,69.310684,69.628006,66.64604,68.77659,67.16947,69.922264,69.67402,71.5308,72.02154,72.58877,66.40211,78.9349,71.419426,74.9665,69.82081,73.34968,70.840836,73.53073,71.72282,65.304596,81.965965,76.72453,76.21538,81.15861,67.65588,64.86271,68.379684,63.48978,67.226425,70.38999,69.20692,72.24202,58.193295,68.25072,65.890724,74.58437,59.416035,70.51323,70.26192,79.98802,68.47583,68.62213,75.35975,71.3782,70.20815,78.797554,54.847744,58.615936,63.505844,66.15068,65.741615,64.36488,50.95451,74.5959,68.4583,56.98293,73.57382,54.733803,66.27082,66.96337,71.459236,73.21623,74.0811,69.77659,61.857643,75.404205,71.37654,68.324394,77.580574,76.94487,75.95947,69.02582,79.968346,64.36228,57.649433,59.96055,59.953777,58.955734,64.28902,60.53439,61.24498,66.32477,60.99529,64.80644,66.346306,59.591793,60.318573,62.248074,63.299824,58.723984,61.24,49.669598,55.050835,55.98031,63.737556,73.00122,46.24884,64.38415,61.05212,74.50151,72.30746,71.38711,70.869,77.88701,68.81872,66.10755,64.01042,69.7594,62.721615,68.157555,65.040146,69.32166,73.39521,67.794815,71.90437,69.84421,63.841953,54.48621,54.0269,67.31283,64.1983,72.92841,73.48822,74.20122,71.58048,69.60737,73.86664,69.179924,67.16573,65.855316,67.77809,69.00466,73.29055,63.58272,58.16409,66.102196,65.547264,67.18603,69.58577,74.851654,64.55173,57.6536,59.037678,65.508545,74.172226,68.27669,73.322815,81.25343,36.749588,76.61609,63.948742,75.59426,65.88129,66.08879,67.41484,61.66748,41.111248,31.609386,22.885136,64.30667,64.06906,65.65177,72.02322,71.00955,59.223267,70.27129,72.802216,65.26744,72.58836,63.91688,69.35895,75.15671,69.83732,65.557594,69.24129,75.468094,72.35945,68.942924,73.28148,65.87245,70.35733,72.24068,65.78081,72.89506,68.21845,72.83185,66.494446,70.93844,72.56621,74.17804,63.176743,75.55085,68.68205,71.22538,68.76485,73.69965,73.97543,77.27888,63.18968,66.170944,82.098885,76.72213,70.13753,74.04332,66.90296,69.11436,69.415535,66.50642,69.60963,72.27777,70.21625,67.21265,66.17887,65.6655,67.72228,70.70524,61.195606,68.73427,55.909042
dukart2018,fpcit,MNI152,3mm,28.416052,29.406393,27.137909,27.922436,26.2604,27.57398,29.458494,25.570698,25.235954,26.647224,27.406109,24.570845,25.26386,29.330645,27.173563,25.558296,27.198496,29.546122,28.725636,25.56496,25.735834,26.57562,27.086548,31.837515,26.706001,21.075861,27.83662,26.109737,24.95117,29.066559,29.562643,30.981127,30.255896,30.706787,30.808924,24.579046,29.648193,30.942312,21.223177,30.225187,30.93924,21.974066,26.574635,20.79251,23.478237,22.727757,22.230282,24.592756,22.194952,26.867975,22.747856,25.602926,28.384712,22.427168,21.452787,24.25234,30.925127,31.45109,31.283054,30.955753,31.262579,29.93324,26.222527,29.839083,29.086596,29.69977,24.279642,28.112778,25.091679,21.267353,24.908201,22.702229,27.884954,27.953827,28.472864,27.995546,24.89562,28.296272,31.15033,31.281487,29.612219,29.000444,27.141779,26.717573,26.23538,28.118187,24.21581,25.194302,25.9515,23.32978,27.935165,31.394707,30.084589,31.641573,27.66756,27.713278,25.60043,22.894337,26.792114,27.946276,31.441648,33.501087,35.65025,31.844835,30.091553,37.138634,28.709185,34.866676,38.115376,41.997402,36.347317,37.634186,30.869783,38.85667,34.644535,27.270025,28.48942,34.21643,33.277973,47.055233,28.15454,32.07211,25.753845,29.54176,26.289644,31.192896,32.098976,29.938095,30.886126,30.722288,29.289814,27.513733,26.563673,28.98652,32.62598,30.437607,26.733055,29.586432,29.804785,28.755766,27.725922,27.218521,24.439747,27.381704,25.920095,27.66993,26.312912,24.952026,23.82626,28.497467,23.835617,22.433275,28.813278,29.810017,32.750935,26.529839,29.060184,26.401552,25.468391,29.139841,30.494923,29.780285,30.247295,39.515358,32.090282,41.255623,38.210377,35.592983,33.961586,25.475178,27.661076,29.042768,32.778603,31.266516,25.586136,31.756777,26.928452,33.536144,30.981554,30.55888,27.956345,30.434265,27.15039,27.6259,26.770554,28.325058,29.911694,25.28638,25.910072,26.329372,27.517513,24.986925,25.25857,29.374212,26.825417,26.423758,27.863941,30.280825,29.344877,28.217848,26.988796,27.572172,29.355114,32.791523,27.482855,20.85294,26.963049,27.684696,23.007866,28.417332,29.782972,30.738499,30.14518,30.62537,30.794556,23.626646,28.743614,30.35169,20.882893,29.662537,30.559843,22.024584,26.249453,21.22027,22.15712,21.951597,22.85781,25.193083,22.965853,26.44411,22.930746,26.405283,28.524174,22.74094,21.806095,24.764303,30.821798,31.534098,30.933002,30.581165,30.990236,30.537413,26.544203,30.556849,29.61646,30.133577,24.439583,28.468443,25.571259,21.538998,25.632212,23.374691,28.71208,28.265532,28.577246,28.31047,26.134687,29.672503,31.478664,31.963465,29.41298,29.591558,26.80419,27.684832,26.870483,28.746983,24.894623,26.002129,27.570976,23.9348,28.212011,33.047016,30.141706,35.043015,28.2587,28.598171,26.009867,24.179573,27.590992,28.47055,31.811752,33.999714,37.133274,32.19074,30.745153,39.33431,29.861921,35.5007,39.360016,42.91914,37.618877,40.11396,31.735865,40.449806,35.889633,27.645584,28.6498,34.16425,33.67725,46.954594,28.80343,30.509539,27.003008,30.279774,27.787237,31.089725,32.03859,30.370384,32.472725,32.237362,29.978897,29.024647,28.125195,29.977417,32.443092,30.795132,28.279192,29.791042,31.150843,29.19567,30.232296,26.766155,25.792336,28.045652,26.063995,27.714226,26.943514,25.63282,25.333092,29.787868,25.179285,22.449677,28.976019,29.45327,32.519886,27.842545,29.971714,27.456835,27.148996,29.358887,30.138462,29.367224,30.164434,38.74004,32.51447,41.572323,41.40942,36.55767,34.087814,26.333643,28.714096,29.497236,33.937714,31.809538,26.231924,32.64221,28.840513,36.2072,30.881973,36.48211
fazio2016,madam,MNI152,3mm,10.591243,7.6175733,10.064372,9.962203,9.381026,8.025071,8.791617,6.772118,7.822417,8.504566,10.416008,7.9303975,7.209549,3.8198519,9.331604,6.3169956,4.3640327,6.3191404,3.5162785,8.552359,8.098023,7.8049927,8.615816,15.782798,9.688844,7.1169076,9.935558,7.557556,8.52915,12.192903,8.962129,12.390604,12.483454,13.878788,12.366054,7.277294,9.852292,8.504941,7.243684,12.750318,11.51913,5.9795938,9.266557,6.9207215,7.7251425,4.561657,3.21076,4.316608,4.5995765,3.2740223,5.9121385,6.492023,4.471556,6.963291,8.252325,6.1273623,13.9330635,1.6688044,10.611082,12.449434,11.9285345,9.604647,6.2531013,11.465576,10.483706,10.732655,8.884585,7.135643,6.337095,5.1280575,7.4601674,5.8921494,7.500048,10.046423,12.004431,9.153124,8.780685,9.483633,8.63068,8.892573,9.09117,11.481265,11.284489,12.395721,12.74935,10.433399,7.8009357,6.4517193,10.573804,7.52458,7.06978,9.055827,9.338715,10.655422,7.7431912,7.1466556,8.695972,9.229956,6.4864826,7.275159,10.312981,15.806867,15.746447,13.90191,9.366534,13.172339,7.6287007,11.403055,14.949027,10.702519,11.878071,14.28395,10.789114,17.277456,12.82674,6.7825217,5.741241,8.83626,6.761506,7.9200797,7.218919,11.677665,6.3770404,10.378892,7.1239486,7.1920347,10.7900915,8.1411915,7.538378,8.6561165,8.426078,5.7067504,8.434509,5.8865266,8.994758,6.872677,8.610073,6.988661,8.056745,8.685043,8.230638,6.931174,8.945577,8.039916,6.1828227,6.9412594,12.40464,6.7493086,7.3276978,7.4106374,7.788528,6.4872394,11.250101,12.18086,12.101283,8.710786,6.426477,7.745568,9.566413,8.785067,12.813845,14.864383,10.173084,15.15145,12.020814,16.837856,17.023565,16.566326,12.029282,7.481842,10.243754,11.662984,12.618343,12.236295,6.4119396,8.712864,7.5434003,12.190306,12.768513,12.6556425,10.176268,10.399634,8.476728,9.234728,7.9508934,6.6005716,8.006623,5.8687124,7.2416677,7.49997,7.7268124,7.335966,7.448019,4.720625,9.262031,3.825078,2.6090038,6.355338,4.23898,8.878807,5.92975,3.404795,7.661262,12.755919,6.376484,7.29828,8.088273,5.286416,7.805311,11.104373,8.800465,12.088816,9.207087,14.655119,10.208967,5.6739945,7.615676,9.113372,7.377958,11.038609,10.274906,5.642187,9.675024,7.588215,6.7479367,4.9626675,4.9640617,2.8703802,4.4880166,3.2817006,4.9972386,6.683277,4.2792325,6.5232596,8.175026,6.270436,12.93692,1.6567504,10.498439,12.304557,11.85065,10.489575,7.7740498,10.708017,10.384903,7.707422,8.978256,7.1702113,8.603227,7.211585,8.469392,8.538248,7.7866383,8.512455,6.6329165,4.910997,7.4551535,6.937675,9.826254,4.5208983,10.392385,8.478479,8.713006,9.725194,10.983909,10.9530735,7.8692336,8.543786,9.447522,8.282328,7.828386,10.124345,8.058181,12.039688,4.63559,6.750323,8.345449,8.644036,5.554407,6.981973,11.706656,16.780401,12.013199,11.0618,9.823422,12.999674,7.5569334,10.047226,12.775894,9.389344,11.296824,11.672999,10.088392,15.835681,14.426652,6.867151,5.660299,9.432268,6.949185,7.6176505,6.127319,12.943759,6.6637163,9.265434,5.911569,7.154291,7.3102703,9.423005,8.550515,10.2576685,8.0875845,6.4278812,4.1105337,6.9902253,8.45937,7.038507,6.547593,6.565083,6.107072,9.227416,6.0166297,6.3518186,7.8322263,6.1466255,5.1851387,8.076626,10.812542,4.678092,7.353691,6.3209443,8.048262,5.4163036,10.080548,8.104989,9.576926,6.0515623,9.533547,9.378986,8.024673,3.4506042,11.830293,12.527432,9.242376,13.393384,11.582269,17.031862,18.743904,16.114573,10.394748,10.56497,9.910677,10.851667,9.368239,10.679321,3.1006594,7.6139393,4.6653547,12.949992,11.609478,12.197727
finnema2016,ucbj,MNI152,1mm,3.632509,2.829289,3.4967642,3.5485551,3.7629623,3.7659504,4.352997,2.6447797,2.8085294,2.7239769,1.9239112,3.4219866,3.4706314,1.4523591,4.5561786,3.734568,3.2247677,3.9256594,2.5017285,4.019388,3.795839,3.8625746,3.6383038,3.1832767,4.1615615,3.3041992,4.960722,4.777624,4.406015,4.8432484,4.068752,4.3053083,3.7284935,4.278411,4.04569,3.7789896,3.830479,3.1686122,3.7600827,4.45877,3.9459221,3.5369897,4.1074047,3.0806115,4.287367,4.0542336,3.8496807,3.5364153,4.006023,3.4034941,3.7886963,3.5181081,1.6626862,2.873933,2.629795,3.8305154,4.776937,2.829336,4.094211,3.9920647,3.970186,4.3433704,4.113648,4.8257337,5.02245,2.7327683,3.3243685,1.7475775,4.3170824,3.0432615,2.4185104,3.9052293,2.4457586,3.3918402,3.6066658,3.7057905,3.5960383,2.8962984,1.4537581,0.8630857,1.8083346,2.0126567,2.8852794,3.0729742,3.5302026,2.5038133,2.7406945,4.6453514,2.831059,3.3425732,2.0800948,2.3803658,4.081637,3.801106,2.8621626,1.7145208,3.4645486,3.0918198,3.7310224,4.259806,3.9887266,2.8734386,2.0235918,1.5382205,3.4795005,3.765933,3.6130264,3.8468482,3.7787974,1.8631576,2.5295086,2.8088377,4.5847487,3.076372,3.5054915,2.941473,2.749657,0.9050991,0.96813756,0.87979144,3.7157333,3.2192562,3.414221,3.1911185,3.8927581,2.5344388,4.2956805,3.2850618,3.0509508,2.664288,3.1606283,4.0774784,3.5796635,3.3046694,3.8684099,3.642234,4.293914,3.1316988,2.7801523,3.69088,3.7638564,4.3323064,4.668773,2.9040713,4.1133037,3.6495287,4.276946,4.196974,4.3149776,3.3202884,4.4450903,4.105415,3.620948,4.5567236,4.149237,3.4236467,3.418472,3.9616785,4.163558,3.9183059,4.5020566,5.3410797,4.11329,3.778471,4.793538,3.2088041,3.2944634,2.785006,3.21954,2.480906,2.321658,3.8682952,3.5274823,1.6056814,4.254999,3.2233872,3.176934,3.0839472,4.0925913,4.0234814,3.7500064,3.6896598,3.4338124,3.8463564,4.011119,3.9616776,4.2315893,2.7608497,3.1506984,3.4378872,3.5927,4.020975,3.9594564,1.652328,4.2990522,4.5912175,3.5632505,4.352579,3.209301,3.5983572,4.4841905,4.4575586,4.337114,3.9309156,4.893803,3.3384583,4.6665516,4.4439907,3.8162084,4.4507484,3.9282498,3.6242623,3.5203483,3.8112257,2.6561472,3.6922374,3.3838298,2.4442642,3.466674,4.238215,3.1829188,3.5956194,3.562707,3.4798186,3.770381,4.122877,4.056657,4.0148454,3.8139188,3.8153584,3.8163984,3.4338467,1.9443458,3.2439296,2.8000686,4.3662395,4.080275,2.0762837,3.8658357,3.010423,3.572989,3.5831263,4.0310936,3.6562014,4.594699,2.9445891,3.972616,3.577061,4.0732107,3.3399453,3.6578403,4.0074687,3.5733178,4.1388783,4.190327,4.26257,4.1781955,3.5677485,2.7339888,2.3607168,3.4554718,3.2443497,4.420802,4.00514,4.5520053,3.6808536,4.023603,4.5957093,3.821088,3.6782768,3.1120625,3.029232,4.0110874,4.212661,3.8488402,2.4648395,3.5536947,3.8231528,4.289753,4.592296,4.601209,3.7860985,3.0911093,3.7053187,3.3320704,4.3663945,3.7300663,4.6708026,4.7715135,1.6751611,4.0305023,3.2349138,4.77505,4.2704163,4.2994485,4.165678,2.9754376,1.3515135,1.530807,0.873402,2.9780731,3.1021934,3.8573573,4.3827586,4.532048,3.310219,3.7293227,4.0407853,2.5406666,3.7232585,3.500173,4.5772753,4.494659,3.8779602,3.8218374,3.5076149,4.6846657,4.0706005,3.1037714,4.655377,3.6674292,3.6132185,4.984621,3.2862911,3.664608,3.552109,4.6869807,4.278204,4.482158,4.2558713,4.8697915,4.3972807,4.4011354,3.7307687,3.94291,4.4678545,4.0970497,4.3005166,4.410125,3.411708,3.6002843,4.8263593,4.4153004,3.6203299,3.6082504,3.3303242,4.164469,4.025567,4.408755,4.263725,3.576529,4.0591264,3.5308414,3.963269,4.446394,3.3319247,4.2332726,3.4788418,3.6520348,2.972443
gallezot2010,p943,MNI152,1mm,1.3345177,0.6308651,0.8618096,1.0197341,1.0131693,0.955842,0.828604,0.8094455,0.84853417,1.0364605,1.0578699,1.1676619,0.95638597,0.3634269,0.9553754,0.9578873,0.8182151,0.6997473,0.7684064,1.0713434,0.9636863,0.87459904,0.8591062,0.78380233,1.0348456,0.9985284,0.85810524,1.0989101,0.84392786,0.96303654,0.95890737,0.89845294,0.79690444,0.8893253,0.8507171,0.65267503,0.7445426,0.790027,0.6961145,0.90714484,0.95407504,0.76975787,1.003836,1.0010034,0.7697623,0.86074036,0.81659526,0.8314876,0.8731974,0.79214865,0.8976962,0.8092928,0.66776776,0.9229853,0.8800467,1.2475517,0.9630666,0.5594888,0.9761258,1.0796309,1.0312295,1.1673942,1.0707173,1.1192762,1.081133,1.0907031,1.1698925,0.87741876,1.0511942,1.02795,1.0790833,0.9956179,1.0517619,1.237282,1.182265,1.075211,1.154851,1.0953083,0.7638926,0.70767605,0.960008,1.0817143,1.2064351,1.2299699,1.3326551,1.1055421,1.1102927,0.9847256,1.1867137,1.0442481,0.9719483,0.9060535,0.8584603,0.85158986,0.7342538,0.80590224,1.0871072,1.1025896,1.1826265,1.0315944,0.9293906,0.6006431,0.49222252,0.41956946,0.8606005,0.82942474,0.7130301,0.9775769,1.003009,0.714683,0.8312565,0.9476867,1.0319912,0.78832126,0.80333936,0.77846926,0.7421319,0.21603152,0.31692722,0.69728285,0.79619014,0.47320825,0.573333,0.8036035,0.8843261,0.25107884,0.5961093,0.65390587,0.7398526,0.751208,0.55123,0.8436028,0.90017295,0.70407814,0.5527169,0.71155757,0.9849941,0.70924085,0.7090984,0.82255137,0.86012226,0.9723094,1.1081697,0.8142373,0.96030813,0.90564054,1.1179013,1.0052106,1.0183169,0.76009893,1.058553,0.8897554,0.6546086,0.8681298,0.50552857,0.8628431,0.76909125,1.0563376,1.0619786,0.7975006,0.8697746,1.0001181,0.63484275,0.7119641,0.9580878,0.70420367,0.7033676,0.62071985,0.8719483,1.1093105,1.2048374,0.7017245,0.67948496,0.50831777,0.99195564,0.6779244,0.8724729,0.61344343,1.1341252,1.0165472,1.2617804,0.8311132,0.8595876,0.9959457,0.97245884,0.915079,0.85572326,0.8383919,0.93240803,1.1615871,1.3065051,1.2198266,1.0137984,0.32645237,0.8958527,1.0526477,0.90965194,0.85176605,0.77801824,0.88311094,0.98953015,0.93884677,0.974877,0.9572539,1.1128876,0.9986112,0.8812095,1.0083789,0.8715643,0.9615508,0.61389285,0.8908796,0.68701816,0.88388675,0.7744484,0.66643745,0.72824633,0.8007441,0.70981616,0.86563504,0.9147401,0.8305014,1.0057285,1.0178348,0.79908645,0.9029181,0.8326171,0.86778706,0.8679804,0.91316175,0.8720478,0.857124,0.76716137,0.9174834,0.9086489,1.1407194,0.9791079,0.5378776,1.0031539,1.0317423,0.993152,1.1000351,1.0914736,1.0767984,1.1043056,1.1205138,1.245537,1.1065147,1.0531713,1.0634702,1.1384829,0.9895616,1.1442558,1.2846962,1.17049,1.0980756,1.2363905,1.2339189,0.99808836,0.898711,1.2728504,1.2543947,1.3611579,1.3541461,1.4876672,1.2883276,1.1728829,1.0142968,1.2432151,1.06352,1.074806,0.9316342,0.86231065,0.9398882,0.9297195,0.991847,1.143308,1.0874839,1.1116506,0.9676624,0.9913765,0.66698736,0.7203061,0.8188673,0.837716,0.95064676,0.7299216,1.179407,1.2559582,0.6794501,1.1641052,1.0273322,1.1423582,0.96180403,0.8626511,1.0147367,0.84702826,0.3872736,0.34538296,0.6918448,0.29775286,0.49513787,0.5379005,1.1076548,0.7450024,0.2938565,0.54321456,0.791915,0.73574555,0.95552796,0.53624547,0.74842805,1.0230224,0.8620551,0.62625444,0.80739105,1.0552799,0.9392456,0.81963056,1.0125966,0.8439259,0.7722337,1.1373812,0.9954377,0.9955922,0.9010536,1.1521697,1.0079672,1.0811712,0.92873,1.1247336,0.9616768,0.723981,0.72633225,0.47462735,1.0013773,0.9550229,1.0210804,1.081562,0.6100708,0.80837697,1.0060934,0.666856,0.728022,0.92618227,0.8113131,0.8356442,0.7958457,1.0910387,1.2268947,1.3226205,0.6982771,0.79283196,1.0574056,0.71944124,0.7398774,0.90654314,0.64838904,1.0957123,0.8128447
gallezot2017,gsk189254,MNI152,1mm,15.561582,12.406209,15.772179,15.050168,14.466636,14.603377,16.875217,16.094631,15.801353,18.332506,15.41343,20.201468,14.090492,11.861154,18.59002,15.447471,15.113355,14.993292,11.686149,14.94489,14.464198,14.868871,15.4941435,19.6517,18.078562,22.054182,20.099815,20.022593,19.071669,20.573668,17.470812,21.35792,17.945522,18.854399,19.270597,18.371326,19.203959,18.781773,16.99896,23.924553,22.674107,16.695852,24.296616,19.815939,17.284924,16.45921,17.206278,15.762863,16.566095,14.564076,17.146696,15.880941,13.402667,18.69989,18.770882,21.560238,25.222965,18.441324,26.323505,24.176409,26.669044,28.155203,24.75673,25.060776,23.551783,17.467255,20.276749,16.831673,23.90273,21.323238,18.091822,20.748669,15.882492,19.081976,17.434525,18.336214,19.116997,17.821339,12.083657,10.190516,12.916566,14.778148,16.86352,19.298054,19.718548,16.936155,19.360386,20.60287,17.527414,18.065348,14.654318,15.963528,20.80409,20.979012,13.922156,15.102522,20.533255,20.346148,20.098454,19.784985,17.380516,14.235893,19.257618,12.458982,16.896122,25.678127,21.318089,22.197954,27.334072,18.654232,17.170912,24.366613,23.339853,19.551859,16.315298,14.988711,14.725502,14.9172125,13.866002,17.707523,15.086569,15.442201,18.164549,17.922281,17.970825,14.774275,16.024628,16.096628,13.648549,14.19967,15.636104,16.643135,15.161292,13.415463,14.061088,13.400159,16.798935,12.746329,13.337867,14.965754,15.902454,17.88764,17.606213,15.159661,17.295725,15.134853,19.1245,18.004864,18.481417,14.521777,17.688835,15.852368,14.377235,16.267204,15.66371,14.9254465,13.527461,15.370952,16.138073,15.130462,20.179102,22.021452,17.25489,28.835985,25.83132,29.200735,25.828491,17.521162,15.303971,16.82008,16.611609,16.280783,20.576572,18.144852,19.878944,14.566648,14.171725,18.532866,25.397789,28.311306,15.632822,13.288697,16.16269,15.121978,14.58568,14.764842,16.492508,16.499107,16.502447,19.737278,19.831247,20.717669,14.181568,11.481532,17.758598,16.477732,14.608684,15.152032,12.571446,14.701222,14.991933,16.136131,15.51269,20.855318,20.065794,21.935186,19.596802,18.560484,17.176302,19.14658,16.175756,20.479355,16.037235,17.901657,15.341305,17.615786,18.434479,16.35359,16.989902,22.324902,21.545551,16.492397,21.395004,20.30625,17.474878,16.260204,17.308197,16.061981,16.056948,15.861815,17.93632,15.611944,13.163749,19.131699,19.432577,21.925863,24.365536,17.807638,27.885126,23.8986,30.60835,23.02556,23.233719,24.407093,24.206142,18.677052,20.698082,21.344238,22.906607,21.258152,20.249445,20.475832,18.599712,21.182741,20.43887,19.947758,19.995676,18.965675,15.163561,13.736915,18.204515,17.938007,21.901583,21.62322,20.899477,19.811502,21.129879,20.636145,19.424936,18.341537,17.895952,17.671434,19.775251,20.84206,14.965921,16.949877,19.336153,20.172134,20.465698,20.351168,18.925594,17.066359,20.252552,16.238384,13.799565,26.077732,20.246485,24.280586,27.670425,18.486404,21.853931,23.110954,22.873749,23.064411,19.467108,17.282751,13.470956,15.386053,16.301039,17.61552,14.846742,15.018695,17.401285,21.57526,18.311892,16.359102,14.829196,17.194788,12.850721,14.51611,16.283556,16.546976,16.65351,14.596083,14.625421,13.788176,16.296522,14.713424,11.531722,16.499146,15.119703,15.527545,18.257214,15.318585,16.193491,14.685481,19.409483,17.228113,18.015236,15.328783,19.161917,15.241066,16.52708,14.729753,15.371763,14.629616,14.421858,16.283216,17.699884,13.405332,17.829603,21.560352,18.20834,23.633318,26.19709,36.708004,28.180489,19.406233,19.707172,20.583906,17.682919,14.894094,20.586617,20.333466,19.716734,14.101321,16.774889,21.59768,25.482378,27.084528
galovic2021,ge179,MNI152,1mm,7.2692013,7.788451,7.6051984,7.243938,7.0579896,7.2599874,7.3173018,7.5318346,6.6415186,7.784239,8.235412,7.5591288,7.582313,6.6073203,8.392781,7.1426024,7.5765367,7.471422,8.040991,7.5703955,7.016001,7.185309,7.373149,8.31192,8.2303,7.8502836,7.945893,7.5191374,8.007398,8.777974,8.399503,7.8164377,8.82249,8.438633,7.440124,7.6999035,7.3405914,6.770845,7.048591,7.7681856,7.245004,6.8363395,7.682837,7.455693,7.344122,7.1872897,7.1046267,6.9149623,6.7096267,7.943558,6.982622,7.0445237,7.2507315,7.632985,7.217492,7.853538,7.5900035,5.899464,7.7262526,7.7173543,7.60889,7.7549505,8.175689,7.606681,7.888841,8.266445,7.4309783,7.8254843,7.905828,7.802644,7.4630356,6.7301474,7.600069,7.6882935,7.660808,7.884685,7.6635237,8.28399,7.592978,8.203267,8.230222,7.961557,7.303551,7.672025,7.686893,7.826684,7.6733537,7.3509445,7.3084807,6.2375226,8.001583,8.256572,8.15075,8.231463,7.608046,7.543839,7.548526,7.9623866,8.053433,8.041408,8.30942,8.21404,7.624516,8.155296,8.244056,8.76046,7.4108615,8.533015,9.07304,4.9394693,8.964136,8.362042,8.572886,8.614102,8.313982,7.7643666,7.268854,4.7574844,3.8419302,3.1119838,7.6334314,6.5163684,7.5187306,9.335585,7.439317,5.7956543,7.7118683,7.4483905,7.7646465,8.282447,7.352958,7.734392,7.728485,7.7738547,7.5881915,7.7230415,7.6257076,7.543547,8.11945,7.413863,7.5515914,7.618333,7.856884,7.7968073,7.641475,8.335496,7.378702,7.353893,7.2640257,7.5333347,7.603527,7.332428,7.782738,7.6774154,6.599978,7.358858,7.303532,7.439863,7.7480054,7.6463513,8.105638,8.290954,7.6784067,8.066821,7.8988132,7.6798735,8.43193,8.865701,8.017337,7.366585,7.536384,7.6183314,8.495641,8.81809,8.003115,7.7895465,7.8121696,6.6070824,7.9731727,7.7080064,7.3232894,7.097816,7.2872705,7.278107,7.189509,7.396305,7.2358994,7.5146623,6.886121,7.9550705,7.799869,7.585468,7.2857966,6.759371,7.83884,8.503038,7.6755347,7.44246,8.112504,7.5029635,7.9227104,7.503167,7.9453225,9.3102455,8.246187,7.819776,7.769476,7.301603,6.8612638,8.713887,7.9436765,7.8737016,8.416657,8.228135,7.5495043,7.5997205,7.2116637,7.0906177,7.0703998,7.8505216,7.4693947,6.626134,7.6988225,7.4586544,7.070509,6.7301946,7.4086127,6.7307687,6.405085,7.410006,7.1140885,6.973244,7.1505485,7.2126822,7.170206,7.627351,7.492656,5.972814,7.356598,7.7166166,7.989614,8.148577,8.282647,7.6557007,7.800784,8.155863,7.345735,7.825018,8.061716,7.9622655,7.7335777,6.7883387,7.5940895,7.5381064,7.672992,7.724688,7.6159263,8.140201,7.3481474,7.7234774,8.074138,7.9017,7.6250563,7.5184503,7.6194987,7.708204,7.605749,7.415875,7.591868,6.632498,7.8696,8.154614,7.9547744,8.175229,7.6195035,7.6637473,7.6386867,7.2906246,7.8858843,7.71394,8.0614805,8.08387,7.7884836,8.193041,7.3483515,8.7001505,6.835535,8.385783,9.021967,4.8133764,8.818873,7.644305,8.385317,8.498453,7.903637,7.889026,7.477562,4.5033317,4.144734,3.0747938,7.4321666,6.3599467,7.694902,9.431376,7.6947994,5.88772,7.588203,7.630843,7.7949414,8.37978,7.4007654,8.066595,7.7491884,7.9013643,7.4938626,7.597117,7.8026977,7.5095696,8.171293,7.8528395,7.51601,7.2848706,8.137908,7.7798653,7.6935563,7.225143,7.3726153,7.4370236,7.4862633,7.6420116,7.678741,7.258466,7.8005056,7.4617906,6.385907,7.9696245,7.622265,7.8832445,8.003072,7.9953413,7.8675275,7.9754186,7.502088,7.935862,7.937938,7.987313,8.002724,8.825979,8.010539,7.394746,7.6504793,7.4427853,8.228373,9.171953,7.7836213,7.645026,8.111388,7.1765585,7.94883,6.6260204
hcps1200,megalpha,fsLR,4k,0.38674295,0.370695,0.42140442,0.3900383,0.3977646,0.38018808,0.3732559,0.28286678,0.30822548,0.24713282,0.23265325,0.24080718,0.42501017,0.2975988,0.40070957,0.4157609,0.3942172,0.34164262,0.40183508,0.38009074,0.37218404,0.37284273,0.37584972,0.32638705,0.33653364,0.20395263,0.35334614,0.34350497,0.3848365,0.37678033,0.35438192,0.2704813,0.34701023,0.30187747,0.32313153,0.3258761,0.31191432,0.29070044,0.33903334,0.2606392,0.2450298,0.35091805,0.22820465,0.2156873,0.3693571,0.39318278,0.34587798,0.35910192,0.37262878,0.37780952,0.3083089,0.32885614,0.29394975,0.2635189,0.25139344,0.24188668,0.25271085,0.2578315,0.22485103,0.22362569,0.16444941,0.18868865,0.19301912,0.18738851,0.18933845,0.20377548,0.19985615,0.19247001,0.17782798,0.18225801,0.17979363,0.17781919,0.2096811,0.22725096,0.2189225,0.21324874,0.19823098,0.24228975,0.2202099,0.22549714,0.21235715,0.20690513,0.20027122,0.19163029,0.19396389,0.18872273,0.17994912,0.18895683,0.1894041,0.18699998,0.20152858,0.21910317,0.22115196,0.2283304,0.35783905,0.23564659,0.20991193,0.19620402,0.27477396,0.303604,0.32089013,0.30847377,0.32043612,0.32074645,0.3267853,0.27812228,0.2908703,0.23658016,0.24899861,0.09352457,0.22309487,0.2192019,0.27872375,0.25985003,0.28143078,0.31401378,0.34462753,0.2361516,0.23353389,0.0076478925,0.3324142,0.23498872,0.255536,0.33708158,0.31588772,0.32003453,0.32077068,0.2897137,0.3338879,0.32890874,0.20258217,0.28475216,0.31951743,0.29254586,0.30220258,0.31846896,0.33744425,0.34634653,0.3432021,0.35913125,0.37471798,0.3938568,0.38690296,0.3444375,0.37300858,0.39352825,0.29907122,0.3237196,0.34200785,0.35360348,0.36412656,0.41361573,0.32823795,0.34434924,0.322344,0.3749161,0.36344424,0.39223734,0.3816458,0.33587807,0.339589,0.30232087,0.34255818,0.17763656,0.20619716,0.15190488,0.300683,0.29592556,0.2178744,0.18567781,0.20013484,0.26559335,0.32334608,0.33382362,0.33010864,0.29387328,0.3122014,0.28487542,0.20280306,0.205411,0.39055678,0.3780306,0.43056476,0.39655292,0.40790188,0.38933143,0.3752647,0.28356308,0.30803767,0.25279087,0.24130964,0.24330303,0.4424907,0.2999176,0.4011241,0.42484924,0.39602184,0.35195774,0.4107051,0.38972977,0.3803783,0.37896144,0.3858472,0.3296352,0.32657802,0.21088786,0.3529978,0.34066388,0.38473165,0.37370583,0.35604358,0.27304673,0.33832458,0.30472174,0.32416716,0.31906134,0.31621927,0.2968635,0.3338664,0.26793778,0.2515162,0.3463052,0.23344836,0.22421305,0.3640029,0.38263527,0.34131193,0.35704285,0.3664199,0.37244254,0.31171033,0.32894892,0.29541785,0.2742872,0.25151289,0.25462127,0.25775832,0.2554087,0.22794682,0.22883253,0.17674112,0.19215274,0.19783844,0.18951637,0.18874952,0.2067797,0.20543243,0.19868246,0.17970683,0.18729137,0.18247424,0.17684932,0.2148597,0.22883424,0.22070003,0.21802513,0.19489029,0.24380803,0.22175989,0.22882178,0.2152699,0.20773879,0.20749424,0.19643128,0.1885525,0.1911796,0.18085967,0.18921636,0.18461832,0.18398447,0.19795002,0.22455035,0.21645337,0.23589337,0.3540015,0.24241187,0.21795247,0.20432758,0.27528176,0.30472487,0.32607377,0.31397423,0.32211554,0.32383278,0.32838884,0.28359404,0.28492385,0.24012621,0.2482015,0.071128465,0.22585785,0.20022222,0.2758171,0.26348877,0.28160614,0.32979882,0.34616524,0.23486437,0.23988363,0.005396877,0.33521354,0.25094974,0.25086427,0.32780325,0.3016595,0.32826266,0.33000222,0.27614436,0.33460176,0.3309136,0.21858253,0.26563644,0.32425922,0.2837265,0.29646617,0.32664582,0.34039333,0.35551602,0.34886077,0.36161262,0.37934107,0.3970641,0.38716528,0.34958622,0.37157428,0.39650112,0.30361202,0.3253207,0.34602246,0.35742673,0.36511493,0.42686507,0.3369475,0.34798557,0.33261022,0.38253278,0.3666804,0.39992616,0.38696864,0.34718722,0.33926794,0.30680156,0.34525824,0.18934831,0.20879972,0.14297682,0.30293757,0.30269232,0.22015098,0.18200585,0.19822487,0.2585708,0.32505447,0.33235767,0.3166437,0.27813587,0.30056915,0.2843369,0.2070869,0.13491802
hcps1200,megbeta,fsLR,4k,0.081727676,0.08467868,0.09235518,0.08329229,0.08529274,0.08486507,0.08179541,0.12404032,0.12537917,0.118070096,0.11225443,0.114072785,0.08881677,0.101312235,0.09874726,0.09334528,0.100878835,0.08234095,0.08964112,0.08603423,0.08338137,0.08287225,0.084829345,0.08837651,0.09943269,0.107297964,0.10849912,0.093967184,0.104636975,0.09992513,0.09100214,0.11548629,0.096164405,0.10810856,0.101602025,0.11581862,0.11566526,0.11071755,0.11853386,0.116779,0.10940708,0.11803221,0.1109532,0.111422375,0.10938874,0.10678004,0.12293816,0.115277,0.113893375,0.10907746,0.12676406,0.12647122,0.117175564,0.1294995,0.12035595,0.112868614,0.108418696,0.10779829,0.102783844,0.10517216,0.07977175,0.09756226,0.10287124,0.09443783,0.091980964,0.09200868,0.10852416,0.10220505,0.095908456,0.09870537,0.096245736,0.09492213,0.10837003,0.106043704,0.09928538,0.09348249,0.09423935,0.10761104,0.1069479,0.10810074,0.10645124,0.101528026,0.10560319,0.10155671,0.09797596,0.09739477,0.09466978,0.090706855,0.09377564,0.0904377,0.087914504,0.086335726,0.083412945,0.08700974,0.11222097,0.11657012,0.11017098,0.10468243,0.09981737,0.0981596,0.09633519,0.096860565,0.08715185,0.09616066,0.09953897,0.09037347,0.08791381,0.09910033,0.09717839,0.0314253,0.0975104,0.0864277,0.09407777,0.097376056,0.09571552,0.11831089,0.118872024,0.0641991,0.06302345,0.0020951757,0.085923895,0.06662038,0.083948776,0.08783741,0.085774414,0.08574136,0.08423754,0.083117925,0.0848367,0.082339406,0.065671526,0.080380104,0.08455803,0.07955977,0.08050443,0.082204744,0.08598268,0.083051816,0.089493,0.08750242,0.0877436,0.09735646,0.09000293,0.11308733,0.10543846,0.09366106,0.107639834,0.114002176,0.1110704,0.09648374,0.099963844,0.097819194,0.08445407,0.08171907,0.08537179,0.08284216,0.08339674,0.08761496,0.08551386,0.08422642,0.10410927,0.1111673,0.08254762,0.07193711,0.09087066,0.05234572,0.086216025,0.09528814,0.09750798,0.09499057,0.09799303,0.081209555,0.0887713,0.0874296,0.08890459,0.079975575,0.079468906,0.08402193,0.1000109,0.09849023,0.080663264,0.08578062,0.08893373,0.082749434,0.08497617,0.08587033,0.083065525,0.12300254,0.123727374,0.12000726,0.11462776,0.116143465,0.08789518,0.100779705,0.097388126,0.093052745,0.10342133,0.082455195,0.09038173,0.08635052,0.08414079,0.083493985,0.08460381,0.091336176,0.10674943,0.10775574,0.10744518,0.097762436,0.10398294,0.10055714,0.09049173,0.11365591,0.0983316,0.10800296,0.103140235,0.11669506,0.11481921,0.10943467,0.11800547,0.11639199,0.11026527,0.11931589,0.11164068,0.1126275,0.110636875,0.10666921,0.122637324,0.116800204,0.11558374,0.11100657,0.12672055,0.12469312,0.117712684,0.13044277,0.1183417,0.1153364,0.1095086,0.106621265,0.10284731,0.10569512,0.0861857,0.099046186,0.103778854,0.09515032,0.09335554,0.09277111,0.11087381,0.1042829,0.09772811,0.10058654,0.098173216,0.09597138,0.111034594,0.108258,0.10284458,0.09442015,0.09777755,0.111439325,0.109500416,0.11055993,0.108185455,0.10484417,0.10856295,0.10491444,0.10214573,0.10079447,0.09795374,0.09088629,0.09734297,0.09150044,0.0897876,0.08594083,0.08166221,0.08694663,0.11476605,0.11813333,0.11117576,0.10721955,0.10322252,0.102185525,0.101271376,0.1008428,0.08757565,0.101115935,0.107910216,0.09093924,0.08905197,0.09970237,0.09683809,0.02468773,0.09751369,0.0774488,0.09681975,0.098600924,0.09812647,0.1223988,0.11898314,0.06431314,0.06351487,0.0014610856,0.08609764,0.070753664,0.08572652,0.090865165,0.08843126,0.08535246,0.08466982,0.086040266,0.08646783,0.08320466,0.07375053,0.084269024,0.084128514,0.08161697,0.081499524,0.08183964,0.08716095,0.08308746,0.09094609,0.08962489,0.089018226,0.09698688,0.0917825,0.11519989,0.10896943,0.09689011,0.11665555,0.119155146,0.11323162,0.09904382,0.10341495,0.09513182,0.085248396,0.083447665,0.083423,0.08364971,0.08437211,0.08817604,0.08595991,0.08553659,0.10479161,0.10973873,0.08372142,0.07577028,0.092429414,0.04960544,0.088379696,0.09887112,0.09974476,0.09752774,0.102265894,0.0822328,0.08784983,0.091977075,0.09134913,0.08335126,0.08268564,0.085748956,0.100480266,0.05895315
hcps1200,megdelta,fsLR,4k,0.2881643,0.28542054,0.25194845,0.28475463,0.2779841,0.28921813,0.2954107,0.29031387,0.27718166,0.31230688,0.329891,0.32018507,0.2542075,0.31058493,0.25533828,0.2539109,0.2577261,0.30774248,0.26740906,0.28279102,0.28965375,0.2907933,0.2834364,0.3102032,0.28637826,0.33350486,0.26560727,0.28801605,0.25455514,0.265148,0.29426757,0.308871,0.288194,0.29873198,0.29414874,0.2715259,0.28237742,0.30137917,0.2592567,0.30754274,0.3221272,0.2557784,0.32201615,0.32390687,0.25464302,0.24708132,0.25727266,0.2576957,0.2494716,0.25697753,0.27638978,0.2661946,0.29439586,0.28740576,0.3002441,0.3286046,0.3206459,0.32042572,0.34221655,0.3359666,0.3173666,0.36800072,0.34844005,0.38283467,0.38961288,0.3848517,0.3462964,0.35502625,0.3729741,0.35784972,0.36856115,0.3796844,0.34861583,0.3490252,0.3638316,0.37719974,0.3840986,0.3390018,0.34958452,0.34196913,0.35694653,0.36631557,0.36254007,0.36643663,0.37533936,0.37228388,0.3764142,0.39421755,0.38710418,0.39450702,0.3932083,0.38655347,0.3926241,0.37822342,0.26438665,0.31372866,0.33657604,0.34433427,0.3306545,0.31516016,0.3047672,0.31194842,0.31895986,0.304286,0.2959012,0.33903006,0.33984938,0.35299298,0.34725574,0.13520586,0.36384386,0.33324832,0.33617002,0.34042788,0.33063716,0.2840951,0.26909077,0.26978895,0.23048553,0.00855094,0.3144789,0.2916669,0.36570784,0.30344144,0.31986403,0.318691,0.31867325,0.34437078,0.30769974,0.312645,0.3015764,0.34973174,0.3138984,0.34289566,0.33825094,0.31928802,0.30164734,0.30134103,0.29551345,0.28875113,0.28063485,0.2618385,0.27187878,0.27398154,0.26612574,0.26560473,0.29988945,0.28003985,0.27493384,0.28478515,0.27409014,0.24881156,0.31769744,0.31203344,0.3168357,0.28704393,0.29024723,0.27460384,0.28000104,0.31265947,0.28123286,0.29452768,0.3085031,0.29847988,0.38679495,0.22934423,0.3326687,0.3208073,0.3676342,0.3815842,0.37511668,0.36485687,0.31714517,0.30588135,0.30440426,0.34681216,0.324575,0.34907427,0.35645682,0.3617013,0.28803864,0.2874255,0.25020346,0.28240514,0.27355453,0.28600708,0.29811794,0.28984004,0.2775312,0.3067938,0.3258765,0.31977352,0.24570723,0.3095395,0.25666225,0.24903609,0.2537738,0.30739367,0.26405767,0.28132796,0.2902312,0.2933927,0.28594324,0.31186885,0.29096073,0.33057043,0.26800993,0.29330945,0.25411457,0.26685038,0.29492742,0.3092822,0.29112443,0.2986944,0.2953203,0.2743395,0.28005224,0.3005803,0.26204556,0.30517665,0.3193706,0.25701994,0.319098,0.32016024,0.25753608,0.25431144,0.2581532,0.25815967,0.2524219,0.2564569,0.27378926,0.26623264,0.29219526,0.2806857,0.302869,0.32187745,0.31770587,0.3228007,0.34179372,0.3342654,0.33612832,0.36569333,0.3462512,0.38149586,0.38840497,0.3899123,0.34315592,0.35229048,0.37006724,0.35474488,0.36764002,0.3804281,0.345075,0.35083368,0.36500534,0.38206056,0.38655668,0.33716294,0.3486307,0.3397706,0.35656047,0.36587295,0.35612333,0.36179352,0.37667733,0.3692831,0.37500897,0.39578032,0.38713813,0.39638022,0.39909038,0.39006916,0.39071572,0.3814595,0.26546577,0.30969238,0.33210295,0.33756924,0.33159593,0.31432253,0.30470955,0.3091404,0.3221776,0.30346352,0.29425403,0.34061414,0.35149613,0.3563527,0.35338315,0.10291006,0.36794835,0.30245203,0.3419974,0.34131402,0.3320795,0.27599016,0.26886225,0.26545396,0.23104574,0.005918044,0.3135829,0.3073269,0.37562457,0.31666857,0.3379512,0.3171441,0.31776646,0.35907274,0.31707248,0.3237657,0.33655444,0.3673815,0.3236411,0.3570506,0.34798774,0.32459795,0.30650905,0.30347207,0.2992803,0.2906233,0.28340414,0.26080096,0.2753646,0.27234334,0.26353133,0.26358813,0.2956546,0.28137636,0.27585363,0.28504792,0.27560076,0.24304087,0.31680065,0.31229812,0.3172541,0.28878188,0.29611126,0.2744179,0.28322712,0.30886126,0.28204802,0.29409498,0.30898452,0.31223094,0.3839604,0.22032434,0.3325835,0.3156197,0.3700737,0.38218358,0.3763689,0.37280777,0.32310596,0.31056002,0.32230788,0.36187786,0.3451619,0.35388535,0.35530925,0.21607178
hcps1200,meggamma1,fsLR,4k,0.016619114,0.01646448,0.016469337,0.017144848,0.0180264,0.018555496,0.01795766,0.023768228,0.022482885,0.023573814,0.02398503,0.024278207,0.01686732,0.024888422,0.01763502,0.017104806,0.017532237,0.018486205,0.015923014,0.018599987,0.019397983,0.019728912,0.016424429,0.016747257,0.018223505,0.026745252,0.019654213,0.01814262,0.018975275,0.018362824,0.01951075,0.026628898,0.020076519,0.023167433,0.020778198,0.022351304,0.021726858,0.024092548,0.022946758,0.024632346,0.024661932,0.02126966,0.024218556,0.026108889,0.020037014,0.019346343,0.020800821,0.018937586,0.019905841,0.018101702,0.02405039,0.021817556,0.022765374,0.025688723,0.025963848,0.025143873,0.026429676,0.025659095,0.02399423,0.024071386,0.021434126,0.02482591,0.025556372,0.027988754,0.028829126,0.029702531,0.025422782,0.025050208,0.028451297,0.027480608,0.027021118,0.034082055,0.02444158,0.02664929,0.02800688,0.028263262,0.032943968,0.024723142,0.024458542,0.023256958,0.02617361,0.028618477,0.027577618,0.027728582,0.0311948,0.02763957,0.029526904,0.032013595,0.033598993,0.034405395,0.029426336,0.026061684,0.026242241,0.024949519,0.018131565,0.0242413,0.024255984,0.025514625,0.024514424,0.021313915,0.017880095,0.02053272,0.018538825,0.017829917,0.017629035,0.024817128,0.022007441,0.024712095,0.026088651,0.009568489,0.025761396,0.027797628,0.02289222,0.02432879,0.021809973,0.020608932,0.018573081,0.017602503,0.016257182,0.0005858203,0.019316195,0.019109098,0.024694892,0.016661834,0.020281045,0.020786235,0.020540686,0.021587946,0.016923295,0.016554318,0.02156591,0.022977097,0.019828584,0.022778204,0.02144265,0.018987132,0.018698696,0.017565787,0.016929844,0.016460383,0.015828049,0.017729515,0.017344592,0.017467765,0.017157497,0.016139638,0.022346737,0.020270811,0.018841067,0.01641293,0.017984618,0.018510709,0.019744297,0.018055122,0.019483332,0.01783577,0.017013587,0.017319042,0.01709648,0.018538773,0.019798007,0.0222332,0.018163938,0.019451072,0.025517905,0.015436871,0.021432154,0.022983784,0.024769595,0.03161286,0.031817786,0.027332123,0.018321348,0.015959257,0.019462178,0.020127693,0.020448143,0.020992529,0.023645215,0.023219982,0.016271826,0.015907548,0.016038295,0.016783044,0.017071754,0.01765945,0.017181048,0.024200998,0.022826267,0.024903594,0.02495014,0.025793493,0.016780967,0.02482436,0.017496703,0.016746543,0.01767123,0.01833142,0.015673725,0.01714232,0.018010993,0.018324584,0.015700376,0.017046226,0.019378139,0.026994413,0.01974644,0.018848808,0.01946928,0.01878397,0.019243749,0.026341164,0.020782864,0.022610672,0.02050302,0.022639547,0.021489315,0.02287255,0.023604302,0.024556074,0.024613038,0.021684533,0.024577688,0.02652503,0.02062014,0.019316047,0.020951744,0.019028097,0.019945892,0.018647494,0.024051525,0.021856638,0.023144769,0.026227305,0.025882732,0.02564621,0.026085205,0.025814345,0.024256287,0.024511872,0.02282785,0.024977745,0.025474994,0.027437337,0.028980384,0.029478034,0.026841342,0.025738496,0.02863178,0.027870419,0.02830271,0.035144273,0.02574336,0.027877973,0.029599367,0.028813913,0.03495274,0.025400303,0.025919383,0.024948243,0.028169123,0.0316113,0.02954094,0.029921688,0.03466421,0.029864224,0.03134652,0.03201283,0.035547256,0.03571907,0.030820971,0.026559822,0.026197558,0.025819637,0.018370213,0.0247527,0.024811208,0.026094848,0.02564894,0.021176487,0.017400196,0.021133656,0.01871846,0.018079715,0.017361583,0.02534734,0.022206582,0.025960308,0.027498668,0.008022954,0.026943615,0.025707822,0.023391288,0.025141628,0.022687515,0.020156007,0.018782444,0.018213509,0.016339915,0.00040280295,0.019442493,0.02040813,0.026592333,0.01728771,0.021707132,0.020809643,0.020582668,0.024485197,0.017164605,0.016971687,0.025380988,0.02674778,0.020566994,0.024982613,0.023067633,0.01977354,0.019088537,0.017826233,0.016465385,0.016767617,0.0150830485,0.017572649,0.01682755,0.01761417,0.017398758,0.016046586,0.022034824,0.020589465,0.018997237,0.016675605,0.017667841,0.01825076,0.019685013,0.018418532,0.019082554,0.017030064,0.016736502,0.016742028,0.016338615,0.018379556,0.020158852,0.0216931,0.019005492,0.020478357,0.025525836,0.015192572,0.022599144,0.024328547,0.026193134,0.034011018,0.03414541,0.028860645,0.017898867,0.016304107,0.020671686,0.023338951,0.02190664,0.021857766,0.024131395,0.014574718
hcps1200,meggamma2,fsLR,4k,0.009214873,0.009461919,0.007886737,0.00953713,0.010107548,0.010621558,0.010611713,0.009151851,0.008825067,0.009541292,0.011544984,0.011470284,0.008710054,0.014015737,0.008093203,0.008561969,0.008209371,0.011925559,0.0076417695,0.010720956,0.01196318,0.012240709,0.009229454,0.009084202,0.010327304,0.011879694,0.0074407207,0.01101004,0.008343304,0.008092549,0.010827422,0.012807744,0.0102754235,0.010907199,0.009986148,0.008051079,0.007866963,0.011262744,0.008964091,0.009590934,0.010684872,0.008611241,0.009008609,0.011070215,0.008334355,0.009017937,0.008437351,0.0077856747,0.0087449085,0.007963763,0.010858141,0.008728787,0.0099781165,0.009618544,0.009970428,0.013387851,0.013095022,0.012653933,0.011159589,0.010550835,0.011099325,0.011839886,0.011517042,0.015341104,0.016709557,0.018817285,0.011729992,0.01178466,0.015444381,0.014165786,0.014263405,0.0212631,0.011367743,0.014990301,0.016537638,0.01759945,0.021332413,0.013558881,0.012169456,0.010729816,0.013642615,0.016434183,0.014694443,0.01476373,0.018500341,0.014995825,0.016858682,0.020289216,0.021428326,0.022777908,0.018729787,0.016549809,0.017124325,0.015609214,0.007660065,0.00914804,0.009976571,0.011613393,0.01571089,0.012767152,0.009348493,0.011440478,0.0107992925,0.009117129,0.009062552,0.016533332,0.014250719,0.014131253,0.016510118,0.0065827067,0.014816331,0.01878057,0.014355501,0.014391947,0.012663781,0.010193731,0.007655052,0.012176277,0.010863873,0.00040688884,0.0115472,0.013740622,0.01725362,0.009608393,0.013521114,0.013677487,0.013701176,0.014754805,0.010367842,0.010350828,0.016031127,0.016895229,0.0136478515,0.016841644,0.015100759,0.0128853265,0.01219329,0.011047213,0.010004831,0.009497626,0.008504223,0.008592338,0.009422464,0.0075345957,0.007836902,0.0076752077,0.012729346,0.010815951,0.009674168,0.008619277,0.009546929,0.009550133,0.012495851,0.011081404,0.012575733,0.01060172,0.01029481,0.00928506,0.00952842,0.011469042,0.008497799,0.009037245,0.011491685,0.011267259,0.014450238,0.010207858,0.013818991,0.013749939,0.013231256,0.019000286,0.019621875,0.0211419,0.010557088,0.008565998,0.012505995,0.013802372,0.0146415355,0.013639936,0.010675852,0.010613492,0.009066549,0.008811093,0.0076990263,0.009325119,0.009339508,0.009862206,0.009805657,0.008964385,0.0085809715,0.009867088,0.011228394,0.011588506,0.008707264,0.014045617,0.008043823,0.00815248,0.007875013,0.011662797,0.007436772,0.009345737,0.010644593,0.010956786,0.008583074,0.008842526,0.010459615,0.011843397,0.0076326127,0.011012841,0.008688138,0.008326242,0.010689301,0.012718526,0.010500628,0.010315325,0.009365495,0.008206192,0.007556797,0.010127728,0.009271875,0.009461748,0.010370322,0.0087417085,0.009019906,0.0110809365,0.008667467,0.008812355,0.007959975,0.0073695304,0.008311725,0.0076477453,0.010134759,0.00803959,0.009569242,0.00948289,0.009841997,0.013330871,0.012473491,0.012864703,0.011241251,0.010791298,0.011638919,0.011742125,0.011117204,0.014703349,0.01653623,0.018365854,0.012460907,0.011800094,0.015284205,0.014078503,0.014868934,0.022037262,0.0118687805,0.015760748,0.017798286,0.017862218,0.02226098,0.01310182,0.012681879,0.011533697,0.015192928,0.018043604,0.015475987,0.015651647,0.020279624,0.016074618,0.0179439,0.020265771,0.022653043,0.02399809,0.019696236,0.016969461,0.017088978,0.016407814,0.0070949756,0.009206233,0.010162472,0.011581082,0.01586303,0.012028595,0.008410958,0.011399766,0.010779336,0.008758875,0.007845379,0.016616069,0.014220354,0.015185459,0.01735868,0.005694615,0.015696514,0.01769018,0.014065686,0.014934824,0.012872365,0.00856599,0.0069721546,0.012533204,0.010844374,0.00027599902,0.011716007,0.0142786475,0.018586298,0.00962726,0.014296982,0.013665122,0.013617277,0.016963657,0.010112758,0.010350048,0.01871355,0.019685643,0.014173805,0.018298537,0.016141858,0.013279216,0.0123455,0.011152346,0.009075264,0.009533476,0.0075946175,0.008400819,0.0088747535,0.007023351,0.007359012,0.0072378824,0.011383232,0.010128307,0.0091900565,0.0084420955,0.0087013915,0.009455219,0.012289716,0.01124506,0.012260887,0.009854773,0.009837037,0.008881291,0.008873474,0.011202797,0.008736396,0.008796645,0.012140778,0.0118873,0.014235141,0.010069259,0.014436756,0.0145941395,0.014094941,0.020557184,0.020801619,0.021936424,0.01004503,0.008354549,0.013149212,0.01608659,0.015283698,0.014078394,0.010890584,0.007251833
hcps1200,megtheta,fsLR,4k,0.21753109,0.2332794,0.20993586,0.2152328,0.21082461,0.21655166,0.22096862,0.269859,0.25790572,0.2893751,0.2896713,0.28918648,0.20638816,0.25159988,0.21947667,0.21131615,0.22143628,0.23786218,0.21754998,0.22176306,0.22341968,0.22152211,0.23023066,0.2492018,0.2491046,0.31661958,0.24545252,0.24535914,0.22865283,0.23169118,0.23001023,0.26572478,0.23827943,0.25720733,0.25035337,0.256377,0.26044923,0.26184753,0.2512653,0.2808158,0.2880891,0.24539044,0.30559886,0.31180432,0.2382398,0.22459155,0.244673,0.24120212,0.23535548,0.23006998,0.25362876,0.24793169,0.26173532,0.2842686,0.29207224,0.2781084,0.27869987,0.27563143,0.29499474,0.30061334,0.2437166,0.30908257,0.31859615,0.29200912,0.28352907,0.27084434,0.30817053,0.3134638,0.3093938,0.3195405,0.31411496,0.29222915,0.2975237,0.27604052,0.273416,0.27020633,0.26915467,0.27281538,0.2866297,0.29044625,0.2844289,0.28019857,0.28931347,0.29788408,0.28302568,0.29896325,0.3025813,0.27381596,0.27468875,0.270872,0.26919252,0.26539618,0.25944442,0.2658777,0.23976171,0.30066532,0.3091085,0.31765124,0.25452885,0.2489952,0.25077885,0.25074407,0.24411406,0.2518598,0.25108293,0.25112376,0.24510832,0.27248314,0.2639685,0.09406344,0.27497312,0.24311532,0.25378075,0.2636253,0.25774276,0.25277755,0.24118154,0.18796034,0.17310882,0.0060297386,0.2363196,0.1974037,0.25285885,0.24536937,0.2446717,0.24106942,0.24207664,0.2464548,0.24628454,0.2492017,0.20178339,0.24526367,0.2485497,0.24537885,0.24249865,0.2481658,0.24403375,0.24064761,0.24485676,0.23865722,0.23257135,0.2206264,0.2244483,0.24349123,0.23043282,0.2233911,0.25832343,0.25115165,0.24347267,0.24009544,0.23428789,0.21169266,0.23737039,0.23276173,0.24338941,0.22676033,0.23560342,0.2189398,0.22621441,0.23722817,0.24677308,0.2607137,0.23673551,0.21289478,0.27616906,0.15614502,0.24518114,0.25124526,0.27898258,0.28713426,0.2753158,0.23986623,0.24185903,0.24834019,0.24461435,0.24540894,0.24866498,0.24739589,0.30640817,0.300564,0.21540292,0.22404464,0.20656075,0.21218435,0.20715617,0.21126953,0.21656513,0.27042893,0.25929648,0.2856374,0.28200755,0.283398,0.19841866,0.2508932,0.21928501,0.2081629,0.22123678,0.22819914,0.21174502,0.21610367,0.2165941,0.21487054,0.2193223,0.24127099,0.24587406,0.31194818,0.24416803,0.23840258,0.22901346,0.23177645,0.22860423,0.2649555,0.24093589,0.25565487,0.24750377,0.25905836,0.2598632,0.26012126,0.2532064,0.2764758,0.28386456,0.24693273,0.30221534,0.30539322,0.2385365,0.22825567,0.24898581,0.24159965,0.23731685,0.23379874,0.25359356,0.2502291,0.26196018,0.27887413,0.2915517,0.26918775,0.27646852,0.2764903,0.29191458,0.29590377,0.2593352,0.30638787,0.3155393,0.29169676,0.28397337,0.262693,0.3012356,0.3072056,0.30858183,0.31542826,0.30854088,0.28956965,0.29141855,0.26843533,0.26405242,0.25881803,0.26356173,0.26908758,0.28150773,0.2843657,0.27662215,0.27188918,0.28280255,0.29128742,0.2776806,0.292804,0.29688722,0.27183843,0.27270028,0.2684177,0.26265478,0.2559104,0.2512155,0.25347304,0.2403015,0.2958035,0.3037951,0.31320772,0.24838783,0.24556199,0.24213414,0.24350913,0.23863342,0.2447492,0.24423996,0.24288918,0.2381011,0.26267293,0.25671992,0.06825793,0.26604,0.20981231,0.24790873,0.25651985,0.25262803,0.24309021,0.24023478,0.18239957,0.17170478,0.0040890514,0.23394743,0.20513532,0.24260598,0.23774804,0.23595393,0.234766,0.23336154,0.23729378,0.23458056,0.2347943,0.2135428,0.2362796,0.23323038,0.23432474,0.23483709,0.2338638,0.23450264,0.22894587,0.2353722,0.2318381,0.2255589,0.21917461,0.21998528,0.23823303,0.23116718,0.21973619,0.2506598,0.24343005,0.236705,0.23336384,0.22950016,0.20725624,0.22902875,0.22660504,0.23536928,0.21815081,0.2262627,0.2118566,0.21863222,0.2288326,0.2449972,0.25887498,0.23088954,0.22361813,0.27504948,0.1451649,0.23906332,0.24389414,0.2697425,0.28371462,0.2681933,0.23559159,0.23604584,0.24044657,0.23587841,0.23720948,0.23439291,0.24009266,0.30210158,0.1742911
hcps1200,megtimescale,fsLR,4k,14.175671,15.036809,12.543463,14.046754,13.425525,14.18068,15.724511,13.851909,12.776264,16.100817,19.483025,18.40413,12.383354,17.435324,12.586244,12.816873,12.373943,17.647074,12.187883,14.184965,15.237857,15.771478,14.112016,16.298002,13.7849655,22.425898,12.176977,15.480832,12.597371,12.451683,16.670254,16.646841,15.178739,15.18855,14.634871,12.651108,12.988453,16.201487,11.858999,15.59149,17.128036,11.579822,17.847898,21.013735,12.02889,11.874667,11.419529,11.381954,11.944247,11.661907,13.533542,11.712609,14.361033,14.252094,16.386784,19.471306,16.802277,16.80649,17.79971,19.934027,22.824945,26.173973,23.341402,33.937057,37.156345,31.545403,22.948467,24.252312,32.550694,30.569712,31.2308,35.93988,21.427599,21.51396,24.053368,26.954742,37.685432,19.278687,19.979357,20.744854,20.884693,23.902138,23.157015,24.831203,32.14799,29.03714,33.480366,38.566757,41.26985,45.25699,37.01043,30.477064,34.193615,27.3763,11.79253,16.82955,20.420807,22.525244,18.518501,17.193632,14.345654,16.069864,18.140282,14.847595,13.967352,22.648386,22.680542,21.203415,21.86969,9.657023,23.89529,24.829746,18.338432,18.763441,16.575758,12.819557,11.484667,20.169724,15.562997,0.6444423,17.99958,21.531933,26.93816,17.092813,21.238901,20.299843,19.700756,25.000555,18.508211,18.82615,26.071484,25.622845,18.800354,24.834112,22.23762,18.211807,17.25492,16.965694,16.40325,15.321194,13.6823,13.038031,13.350926,11.95122,11.945987,12.306689,15.836439,13.165446,12.973095,13.426258,12.863468,12.954901,17.892107,17.775928,18.90269,14.757629,15.494851,13.121829,13.478357,18.252893,13.446311,14.706145,17.573439,19.963593,30.224005,17.177536,22.146477,17.703106,23.431122,37.9886,30.67162,29.363375,18.21048,16.1848,18.926315,23.96737,22.864794,23.004112,22.815683,22.841799,14.61354,15.565139,13.157957,14.253153,13.64634,14.490355,16.82993,13.415565,12.3615675,14.970568,15.603284,15.608654,12.341305,17.887579,12.859757,12.235752,11.954032,18.562998,12.80061,14.029847,15.727827,16.817825,14.891223,16.589556,14.380559,21.626905,12.089754,15.159368,12.428167,12.655487,16.094837,17.260857,14.864398,15.040136,15.068166,12.666526,12.376736,15.676605,11.827109,14.981654,16.310762,11.502865,17.392513,20.320753,11.954322,12.792674,11.105601,10.913896,11.557744,11.617052,12.052963,11.292148,13.516663,12.6309805,16.57599,16.620396,18.1793,17.671162,19.61216,19.296818,24.123678,23.823307,21.656097,32.779694,35.83932,34.18933,22.613169,22.880402,29.797539,28.227911,29.66442,34.24434,20.412792,21.578617,24.907087,28.394897,32.817314,17.327736,19.30464,17.634834,21.05843,26.089489,22.599207,25.63849,31.251158,28.676987,33.527294,38.146935,38.978756,45.543552,39.207855,32.066418,34.35608,29.507706,11.129171,16.092411,19.768114,22.099554,18.302786,15.74113,14.559702,16.436039,18.803492,14.87435,13.432688,22.550615,21.910995,19.992249,21.125101,7.5793004,24.347492,23.787558,19.316029,19.540567,18.268848,12.124687,11.163557,20.286654,15.696097,0.39408624,18.196978,24.030588,27.293846,15.897516,21.305096,20.708673,20.90621,26.152916,17.735188,18.1508,28.706123,28.844194,20.767979,28.08638,25.285156,20.024675,18.192326,18.147657,15.538076,15.899365,13.890326,13.228769,13.568781,11.384976,11.592559,12.395522,12.270272,12.863642,12.994692,13.951854,13.208036,12.239459,19.003439,17.769995,19.925777,15.643336,17.114882,13.520511,14.532819,18.952599,13.576928,14.413241,19.522799,20.703472,28.718184,15.843839,22.054379,19.00527,20.733343,35.525105,30.144392,32.152412,18.281778,15.930732,18.40741,25.79503,24.573421,22.577866,20.995924,13.377353
hcps1200,myelinmap,fsLR,32k,1.5460118,1.4956782,1.4866205,1.505825,1.4779212,1.4484861,1.4235089,1.6203593,1.5474436,1.3953879,1.3498938,1.3361845,1.5065899,1.6376355,1.390025,1.486356,1.3983523,1.3411497,1.4385917,1.4041904,1.3824716,1.3704051,1.4980285,1.7311876,1.2550516,1.2079953,1.2921023,1.2910477,1.2885519,1.3423426,1.3746527,1.3188263,1.3828623,1.4138612,1.3418722,1.4706563,1.2863404,1.2460899,1.2846857,1.4242054,1.2649674,1.2620655,1.2887319,1.227394,1.2400974,1.3182713,1.3341149,1.4183004,1.3291883,1.3588098,1.4505212,1.3735732,1.5371885,1.4340922,1.3925062,1.3221624,1.1703763,1.0249059,1.0965348,1.223305,1.1088794,1.1821884,1.2141228,1.1747653,1.216087,1.3910966,1.2641217,1.2448251,1.1631961,1.1848892,1.1881937,1.1842663,1.3022525,1.2674375,1.3053507,1.2390342,1.2017747,1.2625979,1.3412943,1.3340604,1.3516285,1.2941214,1.271579,1.2079154,1.2427865,1.2183642,1.187559,1.1463361,1.2143378,1.1751618,1.2047695,1.2596731,1.1900399,1.2185564,1.3877615,1.3185071,1.2972249,1.220021,1.3123543,1.2870716,1.362649,1.3796033,1.3144957,1.4830948,1.3339276,1.1723075,1.282683,1.1951426,1.1217663,0.6444922,1.2282722,1.0273335,1.2478739,1.1935569,1.2375784,1.2893678,1.3504624,1.2172991,1.2392789,0.035298944,1.3788695,1.1188604,1.1588534,1.5211077,1.3183581,1.341219,1.251552,1.2500856,1.3281668,1.2839859,1.0992895,1.2105691,1.2266102,1.2086443,1.220349,1.2338547,1.2462622,1.287911,1.3623208,1.3660661,1.3646778,1.3546064,1.279803,1.352926,1.3352132,1.3419415,1.2585981,1.2344165,1.2583416,1.2879448,1.2581115,1.4115165,1.4102292,1.3839817,1.2027189,1.4008819,1.3324128,1.3807973,1.378724,1.3496361,1.3133909,1.2640672,1.4003897,1.1764467,1.1669792,1.3206608,1.2093165,1.3269012,1.2878653,1.231671,1.243668,1.1399758,1.5241964,1.6245189,1.3907076,1.2380375,1.2625706,1.1556314,1.1925452,1.0677269,1.5421078,1.4693518,1.5159428,1.5068206,1.4726943,1.4443367,1.4605829,1.6222165,1.5437934,1.3823199,1.3139387,1.3123393,1.4990947,1.6722348,1.3916936,1.4916366,1.3914769,1.366108,1.4462065,1.4160587,1.3883066,1.3835537,1.5296112,1.7305772,1.3020725,1.2161424,1.2925155,1.3273516,1.2737235,1.3179834,1.3810996,1.3011273,1.4106745,1.3719386,1.342293,1.4849848,1.313,1.2573367,1.3019385,1.4356393,1.3031292,1.2810017,1.3023167,1.2390734,1.2446561,1.3203484,1.3356981,1.4224678,1.3628985,1.3698791,1.4314709,1.3669637,1.5499424,1.4460132,1.3917792,1.2943689,1.1762121,1.2299926,1.1188841,1.225323,1.1408565,1.1688597,1.222196,1.1549426,1.1937279,1.4006904,1.2495389,1.2480457,1.167557,1.1946207,1.1871598,1.1860243,1.2953645,1.257213,1.2771317,1.2521734,1.2035143,1.2564595,1.3584048,1.3562434,1.3418713,1.2779697,1.2748548,1.2096366,1.2267504,1.2107687,1.1786674,1.1802099,1.2163291,1.1925131,1.2159393,1.2472297,1.1856507,1.2575175,1.3799435,1.321796,1.2859102,1.22266,1.2867359,1.2818234,1.4022716,1.4115922,1.3446805,1.5238032,1.3638535,1.2051026,1.1882291,1.194413,1.1416456,0.47120774,1.2564371,0.936268,1.2429261,1.2032588,1.2671785,1.2803656,1.3413252,1.2121139,1.239551,0.024255363,1.3827589,1.1551642,1.0997148,1.5471399,1.281457,1.3695942,1.2435706,1.2018682,1.3583525,1.2922752,1.087047,1.1374116,1.2337217,1.1629057,1.1952903,1.2754264,1.2462184,1.3042074,1.3982127,1.351986,1.3933461,1.4031322,1.285568,1.3444098,1.355281,1.3604465,1.2465574,1.2414165,1.2653223,1.3072128,1.2765884,1.4368726,1.4526124,1.4033703,1.198485,1.4223944,1.3299867,1.3817835,1.3975021,1.3469733,1.3241338,1.2651088,1.4070958,1.1885146,1.1542817,1.318895,1.291044,1.3586478,1.2851329,1.2173394,1.2218782,1.1206607,1.4542843,1.6981443,1.3807826,1.1993065,1.1981053,1.1319536,1.1753652,1.041042
hcps1200,thickness,fsLR,32k,1.9770759,2.4735897,2.18875,2.0894122,2.2306707,2.359341,2.7126303,2.723076,1.7888863,2.6258535,2.5992858,2.803879,2.1624799,2.3073804,2.3952153,2.290843,2.2866344,2.8283172,2.3221834,2.4431643,2.6143866,2.6089027,2.495934,2.6485846,2.7143288,2.9940562,2.562369,2.7680862,2.4765604,2.6733108,2.807833,2.9904015,2.9331992,3.185059,2.7230663,2.2597482,2.2725625,2.5484538,2.1918056,2.7893777,2.7532344,2.2231162,2.9270854,2.7487795,2.3579419,2.3018594,2.2953765,2.2220972,2.2899,2.31813,2.277096,2.2141843,2.033033,2.7916906,2.683349,2.963738,2.8681042,1.7581092,2.7656732,2.9296737,3.104824,3.0844057,3.088326,2.7893255,2.597622,2.619858,2.7677577,2.6797943,2.912394,2.913145,2.6040394,2.5629728,2.6669147,2.7905924,2.6470952,2.7376976,2.6988485,2.7972739,2.6730053,2.7290072,2.550191,2.527651,2.571845,2.6032438,2.523999,2.536796,2.4703634,2.7917535,2.538144,2.653441,2.7827623,2.8856282,2.5202072,3.0439298,2.35812,2.6407573,2.729042,2.82172,2.809073,2.8206375,2.867441,2.6198606,2.4732127,2.4963129,2.6928995,3.4438746,2.892547,2.9211698,3.236768,1.5239623,3.0401561,3.3888595,2.925749,2.7002351,2.733297,2.5234225,2.3722494,2.5868793,1.5307729,0.088122755,2.2495308,3.2648993,3.2891772,2.6240597,2.966246,2.8147671,2.7474775,2.8448293,2.68411,2.765686,3.2910388,3.104567,2.9493945,2.932848,2.9756315,2.8688762,2.7870195,2.7307627,2.6926038,2.6088228,2.4500017,2.2999513,2.5964348,2.4323647,2.4480925,2.445126,2.7351635,2.6585255,2.5916896,2.6385143,2.6051798,2.302741,2.5264444,2.59675,2.5782716,2.5654743,2.5852876,2.4044082,2.4755442,2.4700115,2.5078285,2.8940408,2.9994159,3.053031,2.7635188,3.0047574,3.2025619,2.745012,2.736225,2.4176905,2.5343513,3.2163024,2.5987751,2.558277,2.9159744,2.7888439,2.9727101,2.6987855,3.09783,2.9736516,1.9917698,2.570437,2.221505,2.1171503,2.2663815,2.4438274,2.8378627,2.7113302,1.8017251,2.6554947,2.6601508,2.8097076,2.2155392,2.4072115,2.426668,2.3336718,2.3334877,2.9050903,2.371522,2.442805,2.6770825,2.722861,2.529419,2.6795099,2.7542052,2.9944215,2.5765731,2.85554,2.4643517,2.7450836,2.8567677,3.0104203,2.9591818,3.1930945,2.720233,2.28269,2.3178315,2.5761638,2.245169,2.7229853,2.7738874,2.2721574,2.9243214,2.7608788,2.3761265,2.3269615,2.3401334,2.228598,2.3080947,2.3631039,2.3111172,2.233956,2.008692,2.8628778,2.7011833,2.9706883,2.933164,2.1003318,2.8181248,2.911561,3.2185879,3.072694,3.1301985,2.9128578,2.6967657,2.8145518,2.7821174,2.686792,2.9694636,2.9335175,2.619505,2.5856326,2.6777582,2.825487,2.7232373,2.8886147,2.7234147,2.7689326,2.6532333,2.71868,2.563555,2.5451894,2.571023,2.6139607,2.5520182,2.5598283,2.5131004,2.8054469,2.538379,2.6917682,2.8120818,2.9447675,2.5182521,3.1808128,2.349705,2.6419857,2.7537122,2.8114767,2.8484516,2.8465493,2.9087296,2.6421611,2.4806378,2.510967,2.6876638,3.3474293,2.8723602,2.9541945,3.2651007,1.1870266,3.0707607,3.0849123,2.9227452,2.7116606,2.7530582,2.506446,2.408515,2.6268291,1.5748941,0.06251892,2.248215,3.3712006,3.347706,2.7375436,3.111108,2.7950451,2.6825814,2.9825633,2.791507,2.8846295,3.3563197,3.2247427,3.043528,3.0299833,2.9530418,2.8818073,2.9506207,2.8337026,2.7771952,2.7413337,2.5261633,2.3434079,2.6650977,2.4566767,2.4598656,2.502981,2.7248743,2.6960874,2.6564596,2.714219,2.6915154,2.3519688,2.6166735,2.6253788,2.4590385,2.6218576,2.6959076,2.4794035,2.557027,2.4849806,2.5280912,2.8404915,3.042995,3.1227725,2.9453857,3.0452929,3.2224915,2.8195462,2.781468,2.4441836,2.5617218,3.279427,2.531502,2.6494508,3.0426626,2.8113012,3.1369188,2.7240493,3.07319,2.4228857
hesse2017,methylreboxetine,MNI152,3mm,9.739585,11.949831,9.227163,10.587725,10.266446,9.683012,10.025942,18.414095,16.261162,16.94338,11.766705,18.116953,6.5534706,2.3319888,12.752801,11.437049,7.310411,14.0116415,4.3439784,10.831808,15.193588,13.540222,14.219917,17.384262,13.98697,11.795619,8.843062,11.856962,12.756165,17.628563,11.700285,12.292061,12.479902,10.527241,13.102533,10.676614,10.768507,11.934203,11.961662,20.857023,23.443817,11.283126,17.200686,15.835389,11.439052,7.4667625,11.331874,12.29932,11.60468,7.939915,14.59307,13.245648,13.25219,17.84664,16.309532,15.088209,13.160819,5.2424846,9.507254,16.112368,10.901424,13.525176,12.248952,17.285276,16.410015,13.327419,10.160782,12.435585,12.314592,8.770298,11.681117,9.260428,10.10455,13.563114,11.4839115,7.485344,9.040556,12.071197,8.621058,5.330491,7.276896,8.616191,11.869552,11.530325,10.048303,8.927796,11.609427,8.809346,14.249929,10.07558,9.674378,10.760823,3.0360897,9.437732,7.5536585,13.897093,9.462276,9.2096195,12.284697,14.163588,17.204576,16.2284,11.491693,10.663881,16.470846,15.922435,11.664502,15.831215,17.791859,6.698638,16.289604,13.696511,14.264346,11.466289,19.019545,15.196647,9.219884,7.4171658,4.610226,2.3613546,6.141235,11.451465,7.720392,15.234503,14.41296,7.120017,12.91337,15.423393,12.22916,12.68543,13.629107,14.009442,14.0339,12.431459,13.920138,13.08247,12.960991,11.366591,8.958358,13.883691,14.047382,11.194338,10.730741,11.486254,11.906421,8.573103,15.108305,12.505947,15.867892,11.48802,13.438686,9.839303,11.635074,7.1847677,12.392381,14.414966,14.175414,9.63556,13.510962,6.15523,13.978443,14.704138,12.350721,4.9200654,13.386115,5.351478,14.56322,19.332037,14.069592,13.812836,10.092147,13.465284,15.7262,12.294633,12.005318,14.154412,14.069513,13.598683,16.54539,14.165686,12.243647,15.125541,11.013841,12.364989,10.9590845,11.121048,15.774477,19.124695,16.564306,12.895767,12.230931,13.988331,9.778594,0.69329727,15.576251,10.3315325,7.7988143,14.3019,5.9185605,10.913867,15.720053,17.393105,18.338123,21.600239,12.790347,14.193296,15.880077,14.28092,16.440733,17.501228,12.856249,9.783724,9.660305,10.774289,13.321272,17.09064,14.364489,11.449204,17.380405,18.187902,16.022177,8.933425,20.88519,12.524576,14.038468,9.974649,12.371792,12.663927,8.590204,12.198829,16.325985,12.463427,14.233732,19.233324,14.23813,14.261935,10.9619875,2.777184,9.430473,15.785469,5.320313,12.846727,12.725583,10.73076,9.149165,11.479025,10.959781,8.246411,9.697882,11.708543,11.297841,9.103178,10.200009,10.560597,9.860663,4.487282,10.495691,9.916704,4.288104,6.693061,8.712481,6.5203547,8.623955,10.008786,10.851522,8.230256,8.654105,7.367635,10.914734,9.950401,11.288147,8.7214575,4.4007983,8.184941,8.513185,11.262045,12.634446,12.775802,16.327011,12.234304,18.705324,21.279121,15.427783,13.378585,14.128715,19.814386,12.923331,13.304798,14.886151,7.187131,15.776167,10.673719,15.330105,9.920954,13.271098,12.540151,10.577839,6.760443,5.5390034,1.9824758,7.0175014,15.673016,8.4498625,14.204037,13.599584,7.1481934,12.308438,14.544761,12.365238,15.047471,11.636639,12.286385,15.3733225,13.730993,16.957209,12.487237,17.759062,15.597433,13.183279,13.749177,10.663415,12.453845,12.587159,11.405357,12.69092,10.977942,16.679104,11.4587,13.987368,12.410046,15.861761,13.048326,10.491098,10.71282,11.09036,16.530619,16.115646,8.573136,17.391449,5.8567286,14.640171,18.93987,15.164526,4.691805,11.321236,3.2038848,18.204271,18.247175,14.022255,10.412497,8.056569,17.644344,15.868618,14.740423,11.721889,12.514299,13.589217,12.085991,11.568904,4.9975204
hillmer2016,flubatine,MNI152,1mm,8.894324,9.376955,9.641754,8.914458,9.821608,10.209125,10.463372,9.952018,10.073517,10.880042,10.480424,11.450829,9.777908,7.19065,10.373657,10.14144,10.124184,9.800588,9.605841,10.7083435,10.474242,10.335559,10.03656,10.466474,10.833217,10.35118,10.3287,11.01356,10.232602,10.609857,8.949216,11.054858,8.901461,10.263023,10.884511,8.698891,10.304366,10.381229,9.547391,10.647351,11.144002,9.810036,10.859854,10.826036,10.02279,10.36312,10.04156,10.19322,10.1478,10.282207,10.504408,10.017551,9.596013,10.491139,10.080342,12.095029,11.045643,10.161365,10.7067375,11.306166,9.734408,11.155095,10.726202,10.826076,10.546537,9.914392,11.268151,10.323833,10.772528,10.563844,10.418712,10.450574,11.044787,10.743893,10.911975,10.62391,10.947014,10.46662,10.259134,10.277166,10.281624,10.387057,10.947197,11.042735,11.243651,10.40015,10.526466,10.224875,10.344862,10.083671,9.126815,9.14714,9.750744,9.830887,10.158191,10.480046,11.261846,10.928387,10.429838,10.29857,9.803804,10.527492,10.80276,10.28411,9.670032,9.86249,8.643573,10.685017,10.385009,11.426929,10.373779,9.823268,9.979868,10.657912,10.109834,9.997104,9.869436,7.940034,10.072149,13.688673,8.709681,8.405343,8.18384,9.659802,9.7455635,8.857894,9.803035,8.940572,9.630839,9.413644,8.387781,9.676925,9.707705,9.124895,9.102233,9.09925,10.22819,9.501543,9.3523445,9.957086,10.24947,10.152204,11.233295,10.166163,10.948189,10.498503,10.823355,11.073311,11.272457,10.095917,11.464252,10.192583,9.515524,10.229955,9.667967,10.064623,9.623013,10.5645895,10.745119,10.043337,10.987345,10.936045,10.55428,8.938491,10.027646,8.799613,10.399246,10.298358,10.939165,10.1714325,10.378814,9.109928,9.508749,10.152835,10.350857,9.187861,9.515114,9.128828,11.143323,10.226017,9.44029,10.275596,9.79963,9.708981,10.118851,10.384417,10.46591,10.670667,10.734408,11.685069,11.927823,12.155392,10.279718,8.113945,10.603696,11.162595,10.580133,10.2140875,10.20231,10.054505,9.985413,10.369956,10.473583,10.870388,10.555932,10.949379,10.773729,10.4853735,10.4884205,10.882588,9.4442215,10.984863,9.567768,10.835457,10.152801,9.702681,10.0468025,10.02209,9.79583,10.93961,10.883194,10.101726,11.242243,10.911733,10.264264,10.462201,10.164029,10.803558,10.48478,10.727054,10.012168,10.379932,10.288324,10.917278,10.412318,11.972942,11.059926,10.066624,10.877245,11.058821,9.629087,10.99696,11.3305855,10.496113,10.805564,10.512611,11.949856,11.311591,10.899093,11.047017,11.226743,11.040186,11.895347,11.793969,11.500056,11.126687,11.604955,11.389902,11.223719,10.996448,11.4904175,11.2303505,12.199065,11.847829,12.376752,11.515983,11.356492,10.639959,11.6335945,10.841928,10.093636,9.714131,9.907849,10.114536,10.948433,11.034878,11.477421,11.396609,10.995766,10.581526,10.654137,10.804827,10.849124,10.786031,10.03218,10.107889,8.991589,11.329625,10.912229,11.942835,11.16422,10.576732,10.646357,10.942315,10.464526,11.032245,10.342626,9.091537,11.000104,13.702157,8.754861,8.146063,8.96122,10.689812,10.159694,9.448182,9.727709,9.969724,9.980385,10.7217,8.72903,10.157173,10.880216,10.026515,9.365679,9.7639885,10.923709,10.487084,10.290208,11.012611,10.260561,9.991857,11.132054,10.772835,11.019977,10.941993,11.097512,10.562987,11.643074,11.045644,11.8073,10.415913,9.973791,9.968544,9.863567,9.888445,10.531899,11.008309,10.261469,9.653151,10.581626,11.211578,10.330519,9.048378,9.3242655,8.900082,10.412888,10.470174,11.363879,11.646552,11.497418,9.1452465,10.107874,10.797486,9.64524,9.74908,10.31432,9.422422,11.250917,10.437139
jaworska2020,fallypride,MNI152,1mm,0.595175,0.9297158,0.7144952,0.6573474,0.7211514,0.7160097,0.77511704,0.560302,0.6342484,0.6561721,0.66579056,0.70958066,0.65982807,0.42623603,0.8769949,0.7469562,0.7275115,1.1039355,0.5521284,0.82750493,0.9379153,0.91157454,1.0409453,0.90181196,1.2542777,0.6687463,1.0368366,1.3385185,0.9733172,1.0055503,0.72114825,0.9818097,0.8437064,0.93511,0.83506304,0.6639345,0.7491625,0.78361183,0.70302546,0.774169,0.75742817,0.8435225,0.7524564,0.66555345,0.9358372,0.86543536,0.8917522,0.78505015,0.86773294,0.71551657,0.75906396,0.8287575,0.52690667,0.6156405,0.58733875,0.7431464,0.94788545,0.6871928,0.9407086,0.84872484,0.9589376,0.89861166,0.7780431,0.8050133,0.8140672,0.7544117,0.7138573,0.5496677,0.79388005,0.64572304,0.6621662,0.76646763,0.6974717,0.9864468,0.9027397,0.88373697,0.93044126,0.8884083,0.68729216,0.5585227,0.74306417,0.7527584,0.7952103,0.8583536,0.96693915,0.77475035,0.7901182,0.8644166,0.8411324,0.81202435,0.75292206,0.7856626,0.95410544,1.430478,0.702651,0.5601592,0.65718293,0.6962106,1.1199961,1.2827438,1.198447,1.2398425,1.7033119,0.70118743,1.1467052,3.072886,1.4461117,2.1284266,3.7245243,2.8104863,2.0073693,2.8605962,1.3591886,4.387528,1.8428977,0.9778211,0.8420223,1.195698,1.5566195,3.5117223,0.5927306,1.4680113,1.596004,1.0412805,1.6185951,0.7692991,1.3787205,1.4464899,1.131111,1.1620659,1.5187966,1.5640388,1.540798,1.4485006,1.5755087,1.3771985,1.4823015,1.236778,1.0834373,1.2026279,1.0820305,0.716676,1.0126785,0.8511609,0.8494155,0.73130614,1.2522287,1.2112261,1.1340162,1.11828,1.1007643,0.8160083,0.89243376,0.95814055,1.3817093,0.9937505,1.2179346,0.78745013,0.95590407,1.0090079,0.8838095,1.1338475,0.99317664,1.4917294,0.8167415,2.5105684,3.416599,2.7202058,1.0108731,0.8161811,0.79406726,1.6338854,1.2367867,0.60646105,1.3438789,1.1672955,1.5524148,1.4113227,0.9174709,0.9810558,0.59242016,1.0761269,0.64388657,0.66895956,0.7550356,0.76148367,0.8132591,0.5411119,0.6269039,0.6607228,0.70486456,0.66905767,0.7044361,0.4153433,0.84832513,0.8192251,0.69624335,1.1446807,0.5868739,0.7439197,0.99171585,0.9982872,1.0924224,1.0881709,1.236639,0.6594188,0.99500537,1.2059519,0.9404343,0.9783397,0.7024832,0.941421,0.75166094,0.9172085,0.7145402,0.633686,0.6960931,0.7012475,0.6773786,0.6958034,0.6851554,0.79515785,0.71538085,0.6449108,0.8995178,0.8391606,0.8754773,0.8232408,0.7963359,0.78020245,0.7129371,0.79691035,0.51123524,0.5802814,0.5689603,0.667807,0.9019723,0.6967093,0.89667076,0.73811394,0.8670225,0.9172462,0.7936636,0.84467673,0.8642386,0.8359015,0.7049804,0.6265113,0.8330399,0.66082084,0.76500785,0.85563564,0.7251292,0.9564456,0.83972114,0.8944355,0.93302804,0.88328165,0.7367789,0.63508487,0.7661179,0.7951416,0.8020468,0.8623064,1.0097668,0.8603673,0.88069135,0.90376323,0.95724094,0.89499193,0.8459788,0.8911761,0.964278,1.4944253,0.7716577,0.5865712,0.67929006,0.66681653,0.97413987,1.1361295,1.2274005,1.1852312,1.8888282,0.90792805,1.1331247,2.4566982,1.4104924,1.7212888,2.5059159,2.8133802,1.5723636,2.340071,1.2477014,3.0082998,1.6514982,1.0436333,0.87787443,1.3940299,1.638305,3.50713,0.5513287,1.2203757,1.5645229,1.141069,1.5011215,0.77182126,1.2199135,1.580512,1.1877375,1.3686911,1.5253874,1.480693,1.526803,1.485096,1.4505266,1.3326244,1.4688747,1.3085777,1.1538306,1.3799005,0.99628234,0.66512126,1.0794129,0.87980956,0.8856963,0.772587,1.2151815,1.1327904,1.1704025,1.2074304,1.1612921,0.80078816,0.90533096,0.94190836,1.188988,1.0273637,1.2628996,0.8657374,1.0664841,0.8948461,0.786258,1.1129032,1.1110713,1.3956329,0.80470645,2.6294544,3.455734,2.2155232,0.9434072,0.9712865,0.85419196,1.7056336,1.1986172,0.8473785,1.1924087,1.3494081,1.5217896,1.5251626,0.8766705,1.9901645
kaller2017,sch23390,MNI152,3mm,15.286559,13.577296,11.302944,14.538205,11.702243,11.914023,16.52175,8.1718445,7.6381536,12.375146,12.234854,8.764833,9.930094,12.590022,15.724068,12.474439,12.554006,16.32495,10.733513,8.296575,9.367882,11.232392,12.601827,19.152586,12.142808,9.348826,18.209993,12.392345,16.321653,21.224726,22.117434,21.049559,22.878817,23.593363,21.37744,9.721963,14.182119,18.09917,7.1677003,15.019312,17.545687,10.53227,14.26515,8.901956,13.244728,10.770444,9.232053,11.687782,9.921529,11.800999,4.241106,11.387826,8.05115,5.606237,8.324669,5.2869353,21.133371,15.428495,19.522425,17.968353,22.051903,17.81674,14.875438,22.143074,22.91982,16.839067,10.510999,13.79526,14.189517,8.128989,13.322869,13.023279,12.864699,13.923139,13.619988,15.78497,17.327963,13.098781,14.343376,11.954097,15.28055,15.210524,13.784827,16.040895,17.491302,16.30637,13.81037,19.232944,19.455015,19.014784,15.571741,17.23764,21.83445,19.026552,14.409196,12.653261,12.595698,10.708493,12.312906,12.424958,18.324404,16.319788,18.36866,13.828259,16.464602,22.173815,14.532635,18.711348,24.691656,9.704313,17.694918,20.100674,18.537918,20.443146,17.100222,13.384229,14.267533,4.337925,2.7171912,2.1888647,17.30926,14.878133,11.531722,15.064824,11.76627,13.007281,18.237823,15.992772,14.56276,17.312382,15.753105,16.813225,13.585796,15.800438,15.568762,17.253054,13.888793,17.147886,14.378505,15.583408,16.74251,12.945745,9.795309,15.961841,14.055333,12.525259,12.468417,11.960147,13.206109,16.527248,12.015463,6.43632,19.975431,17.63343,18.373684,12.663321,15.315782,10.388534,10.012412,15.082258,17.335646,23.999939,18.998884,23.66765,23.608322,22.732704,24.371435,19.042313,14.360217,16.266716,15.782689,15.145499,17.870136,13.744575,9.551647,18.376263,14.601008,18.002228,18.95181,19.828344,14.301106,16.596235,11.639898,13.712701,11.964443,12.637148,17.338217,9.089694,9.378586,12.278791,14.124441,10.90191,8.28708,13.875079,15.415601,13.309128,9.971721,19.709244,9.35408,11.098554,10.844724,13.635296,15.773537,21.39321,14.527918,9.301477,17.884756,15.015993,12.911897,20.469288,21.120695,22.109837,20.422628,24.498222,20.33917,8.204268,15.325801,20.203243,7.906219,15.63721,17.531878,10.40689,14.405398,10.191216,11.936229,9.594219,10.956752,11.939721,10.345636,11.677558,5.620594,12.939553,9.620516,6.405156,9.41922,6.7708983,21.375694,15.953695,18.421453,17.343266,22.521894,18.546452,15.377173,22.269905,23.87751,16.513826,11.849135,15.759713,14.885339,9.914257,14.949607,15.563401,15.265125,17.191267,13.115008,17.118153,17.290775,17.60376,17.376,14.310815,16.758274,15.942831,14.553934,17.309834,18.42951,18.962866,14.986066,21.939081,19.981335,20.288162,16.67575,18.36755,20.76899,20.213295,16.424463,14.820543,12.937439,12.666961,13.67476,14.196837,21.508327,16.943624,19.188532,16.05329,19.953669,24.639704,16.842653,20.185139,25.387066,7.891071,19.260166,18.703287,20.919853,19.0426,18.024534,16.991653,16.542559,4.34011,4.559544,2.126269,13.970032,14.098884,14.775476,18.980772,14.17127,14.20779,16.667482,19.3224,18.72759,22.625603,16.938808,18.090004,17.917686,18.93059,15.28429,17.32066,16.513798,16.912498,20.907112,18.039421,19.022217,12.0279,12.604741,16.349186,15.830888,11.158043,15.975325,13.360096,15.750987,18.240055,14.887145,7.228056,19.051933,16.380877,17.899002,12.165785,17.144464,11.996575,13.293008,13.651955,17.843803,24.280005,20.67836,23.834997,24.200699,24.025026,27.450394,21.50833,14.395517,17.962132,17.855106,17.779985,19.08188,18.68401,10.277844,21.841581,16.357597,21.18446,17.879028,15.548175
kantonen2020,carfentanil,MNI152,3mm,0.58281446,15.197542,6.7461057,1.9028077,2.6125925,4.6050515,9.746771,13.438655,9.364395,24.06859,26.062914,24.845675,3.6511424,9.058074,15.013319,10.149155,13.515296,19.64047,6.7905083,10.68221,12.731273,11.756862,16.352661,13.32627,27.66956,27.61651,25.874035,26.402632,21.097046,22.880404,15.585774,31.188128,21.141401,25.957014,24.029495,14.235955,22.662294,26.265377,18.583538,27.824394,33.57221,22.309595,30.055819,27.373657,23.435684,18.112604,19.537949,17.144123,19.72119,15.024869,12.531853,19.080389,9.453784,20.721426,22.72994,25.578596,38.250683,20.285723,37.81177,37.393627,40.908,38.961308,32.7402,36.64512,34.30231,25.802317,29.30407,26.843702,33.36717,28.916769,30.585613,29.57709,27.077896,31.024237,27.184137,28.211605,32.590717,29.282906,22.516901,23.460316,24.789436,28.196527,31.236057,35.330967,33.898865,32.42442,31.365028,30.864706,33.12881,32.96946,31.38544,30.052147,34.120197,32.964005,17.11866,24.746855,27.256027,30.399248,28.46721,26.029934,25.999771,23.229609,21.18893,14.235511,26.159246,34.576515,26.243036,34.369743,39.03881,28.34537,34.68347,35.71459,32.236465,34.64391,31.23082,25.749372,22.80325,13.316927,10.894638,26.08506,9.029546,28.498487,28.02085,16.530552,23.651854,12.168809,19.437836,27.076351,21.139486,24.896105,30.859797,30.47292,27.428432,28.509592,24.324636,24.55728,27.098421,20.273039,21.653093,24.77103,22.223154,12.28886,18.836624,21.06349,18.222937,14.276049,30.98425,29.669918,26.375162,25.2857,24.817337,10.638113,11.0496025,11.678918,19.23196,13.974797,19.320976,10.161102,16.226154,10.049556,23.03368,31.997656,19.015436,34.968925,38.005856,35.93953,32.654827,29.532383,29.144627,30.271267,31.540901,32.996193,18.215677,9.489028,20.432829,26.851238,28.536234,28.95068,38.754795,40.092514,0.6601312,17.227362,6.111025,1.8249997,3.1212344,6.139524,12.28687,12.516376,9.036178,24.117697,26.094172,25.488247,4.210966,10.478925,15.240295,12.19535,13.70986,21.181898,8.414728,10.052583,12.573972,13.486093,15.007332,14.9618435,28.197292,27.117363,25.651495,25.090405,20.603594,23.093628,16.204485,31.881584,19.44954,28.37337,24.661251,12.475845,22.97642,27.179674,17.253513,26.977833,33.184105,21.546413,30.370356,27.940678,23.324492,18.677013,19.207129,17.662542,18.010277,16.099186,11.958322,18.494648,8.405738,19.130709,22.473904,24.277388,38.382324,23.226757,37.963207,36.509537,41.742702,40.386913,33.770775,38.40787,36.740646,26.720509,29.79589,29.016232,34.290836,29.797201,31.76503,30.861908,27.126612,30.27178,26.257923,29.575941,32.071983,27.571272,23.038,21.64622,24.977339,26.806559,29.718908,33.461018,33.54876,33.288387,33.100132,32.725964,32.91738,33.295513,31.135542,32.247684,33.872673,35.224384,19.382097,25.29214,27.816618,29.784472,26.134926,25.324236,25.657806,22.808184,21.979073,17.415545,25.664795,35.782394,24.42318,34.478806,39.408924,27.216595,35.631744,34.756954,31.23938,34.21182,30.938242,25.084703,22.666853,12.61737,12.264177,25.881447,9.398765,24.055773,27.71709,15.293958,22.099127,11.841715,18.83427,28.119177,21.566845,28.45451,30.022665,28.529343,27.648703,28.415997,24.219667,25.097301,27.652887,22.046516,22.60633,26.09864,19.1628,12.481297,21.907457,22.472855,19.06002,16.185507,30.22925,28.509914,28.407887,26.054749,26.629389,10.366927,11.664303,12.343671,17.982744,12.741393,20.66521,13.302586,17.606056,10.354154,22.979078,32.343666,20.90331,34.604153,39.114098,37.349407,33.85951,28.630259,28.791021,32.10819,30.83903,32.52474,18.336498,11.997211,17.9404,27.795572,27.003626,30.366552,39.339172,32.515133
kim2020,ps13,MNI152,2mm,3.3812423,2.6400092,2.9177315,3.1352258,3.0863378,2.8778856,2.6629236,2.5101094,2.6819174,2.4532936,2.4184186,2.2858195,3.0321152,2.334579,2.6737635,2.7866282,2.6124074,2.4574735,2.7119236,2.7567532,2.739128,2.6329567,2.6834776,2.8615203,2.446037,1.943769,2.3766434,2.4317496,2.4276674,2.5334585,2.606729,2.4528203,2.4308085,2.440679,2.461332,2.353175,2.3965397,2.441105,2.2128603,2.427618,2.4545467,2.2564151,2.2311227,1.9665688,2.2663698,2.4467354,2.2863402,2.4532788,2.3681233,2.5427516,2.3018591,2.582977,2.6808307,2.190869,2.0685573,2.0470161,2.4366465,2.463502,2.466741,2.439506,2.4868035,2.4222388,2.2362354,2.5087485,2.4990933,2.660415,2.2264397,2.4142547,2.2097018,2.0819576,2.3590944,2.21436,2.4311974,2.375458,2.4915724,2.5345411,2.512198,2.337703,2.5536788,2.5004632,2.5532668,2.5592349,2.4599056,2.4613824,2.5330036,2.5127277,2.363506,2.2824185,2.5463912,2.2783222,2.4680772,2.520876,2.2989435,2.3782387,2.5694878,2.4075532,2.307742,2.1292043,2.2979388,2.3763726,2.699341,2.7505665,2.570147,2.8181806,2.6291783,2.4525757,2.251701,2.4282744,2.4116638,2.5355778,2.5700915,2.3140686,2.3844054,2.5728674,2.5583034,2.5070217,2.5423095,2.2200472,2.3710096,2.6371274,2.3963752,2.3701162,2.1456537,2.6389809,2.3266077,2.2236447,2.6741276,2.4414477,2.5418801,2.517132,2.2872832,2.2057533,2.4196348,2.3238418,2.434636,2.4731398,2.4839687,2.5220964,2.5332024,2.5310578,2.5051591,2.6769848,2.5158625,2.4893508,2.4987838,2.612211,2.4468126,2.3710392,2.3894246,2.4575062,2.3773594,2.6360486,2.6443307,2.6816432,2.9237068,2.7363265,2.6197057,2.7543097,2.6168685,2.597487,2.4754934,2.3717148,2.4565432,2.4717162,2.5337293,2.3798532,2.5840943,2.646971,2.6359193,2.450704,2.5578382,2.1675863,2.5416548,2.8523285,2.2342842,2.4427543,2.3123593,2.395396,2.4588108,2.472508,3.3097095,2.6621456,2.9294233,3.1932456,3.1476805,2.9369948,2.621943,2.4192722,2.6442556,2.3395522,2.3199172,2.2083967,3.119459,2.3271143,2.6677022,2.8595483,2.618289,2.4553385,2.7906542,2.7931576,2.8277893,2.7300503,2.7768312,2.677863,2.3196292,1.9446399,2.3643575,2.322235,2.4391215,2.514101,2.6060646,2.4442255,2.3697648,2.4150057,2.414756,2.396746,2.3806176,2.4191003,2.1776485,2.4257958,2.4312756,2.2818434,2.2160563,1.9385368,2.1956513,2.4534993,2.2714474,2.441011,2.432123,2.555052,2.2078836,2.552112,2.6587884,2.1032374,2.0555925,1.9623965,2.429227,2.4416468,2.450778,2.4489129,2.481497,2.4458578,2.2452204,2.494537,2.4929993,2.5982776,2.1987967,2.3860166,2.245498,2.0738218,2.357589,2.306041,2.4121633,2.353106,2.4330342,2.4647615,2.505385,2.3508112,2.5193896,2.4532287,2.574001,2.6000009,2.4922044,2.5426073,2.59906,2.55454,2.442292,2.324785,2.6077948,2.2819242,2.4476779,2.5132637,2.239165,2.4388607,2.5544844,2.3175137,2.2285702,2.1228242,2.173121,2.3429248,2.6711965,2.6709096,2.4818332,2.7059462,2.5763674,2.4141378,2.1478205,2.4002445,2.3856316,2.4944572,2.5442264,2.364863,2.3577912,2.4700272,2.4907877,2.503946,2.5668235,2.2402782,2.469448,2.6339805,2.3980322,2.294916,2.0304575,2.5788484,2.271598,2.342827,2.7233388,2.2737112,2.4970098,2.455829,2.239064,2.1276572,2.344078,2.2885723,2.413796,2.4304368,2.3942573,2.5016084,2.5382588,2.5527601,2.586803,2.6267393,2.62367,2.5370126,2.5673735,2.657817,2.4734771,2.3104331,2.4445677,2.5091672,2.5525324,2.7289963,2.538776,2.554727,2.9574306,2.7849429,2.5864558,2.8923724,2.7362573,2.6245985,2.4703171,2.367184,2.39561,2.466377,2.5171754,2.385989,2.5560112,2.6005557,2.5878887,2.4911177,2.5997918,2.16482,2.4115827,2.763556,2.1534889,2.3580244,2.2571065,2.329052,2.4592752,2.4255762
laurikainen2018,fmpepd2,MNI152,1mm,6.6903925,8.71664,8.52626,7.3866873,7.753654,7.6563635,7.78336,8.38951,8.467073,9.688146,10.373497,10.272138,8.178542,6.294365,9.560044,9.226538,8.742093,8.668609,7.6496816,9.658014,9.333197,8.533959,10.358104,9.038986,11.480545,9.71531,10.678973,11.658903,10.131118,11.046926,8.532968,10.532043,10.037087,10.58374,9.483266,8.503149,8.202553,8.701622,8.708871,9.281427,8.577343,9.786124,9.752366,9.651043,9.92923,9.40952,9.577436,9.704132,9.82133,8.455322,8.712965,9.150556,7.5019174,9.267722,8.891897,10.316223,10.464889,6.6646614,9.142434,8.7584095,10.346736,9.896242,10.143193,10.207513,10.877093,9.337725,10.5980015,8.988995,10.086489,9.753805,10.2528715,10.255495,10.1107645,11.090685,10.39533,10.183375,11.178728,10.670862,8.481024,8.115689,9.817796,10.520039,11.576607,12.250691,12.517805,10.952428,11.049319,10.863696,11.062831,10.6275,9.379684,8.645827,9.812256,9.475748,9.139268,8.73886,10.060936,10.447469,10.613796,10.12233,9.5397,7.4590983,7.303894,6.545417,9.998035,10.108895,9.658552,9.634148,11.1675415,5.961324,9.035697,9.360273,10.66677,8.929019,8.444051,10.26751,9.080694,4.65722,4.681468,4.605998,6.6298237,6.5967,8.264392,10.051992,10.143783,6.300497,7.072385,9.282237,8.840775,9.359357,7.594614,9.605469,10.693777,9.165517,7.344176,8.5142,11.206864,8.644008,9.847145,10.963539,10.824288,8.350971,10.792244,9.8152,9.79358,9.006618,11.498596,11.527836,11.326828,10.301408,11.350463,9.171072,7.8561616,7.099541,7.316025,9.545917,9.32715,9.253805,10.587676,6.678166,9.159997,11.727343,8.45616,8.685,9.881579,8.272309,8.991479,8.578708,8.1359,10.953273,11.23796,8.332503,8.978049,7.758155,10.415681,8.55213,10.596543,7.5636954,9.252618,9.671939,6.930563,8.878392,8.567404,7.608471,7.9824595,8.074884,8.143628,8.349289,8.551299,10.170944,10.463412,10.717884,8.558261,6.546237,9.825805,9.772378,8.476778,8.337047,8.006842,8.992211,9.548307,8.875843,9.329484,8.788267,11.394412,9.912285,10.907701,11.1714525,10.039592,11.217651,8.608349,10.642413,9.723187,11.038848,9.690355,8.625766,8.928037,9.139182,8.887826,9.347139,8.967873,9.784664,9.9196,10.190748,9.936577,9.666567,9.715831,9.536896,9.580576,8.835687,9.136612,9.218186,7.456368,9.563123,9.205275,10.301161,10.4668255,6.9062476,9.504096,9.009662,10.137414,9.769788,10.279094,9.892711,10.893892,9.186877,11.15614,9.369336,10.109156,10.098599,10.833668,10.415905,10.131814,10.994757,10.110519,10.00862,10.771504,10.196944,8.451249,7.45685,10.216546,10.295199,11.961909,12.286749,12.280398,11.336454,11.668733,10.783341,10.809354,10.567889,9.064162,8.566503,9.676773,9.122438,9.11933,8.959815,10.314306,10.39318,10.331576,10.231232,9.288276,7.3026443,7.33395,6.837491,9.056363,10.144118,8.9562,9.544613,10.908606,5.4671073,8.94314,8.479192,10.186167,8.773151,8.312509,10.348842,9.335082,4.599825,4.9228077,4.5970054,6.589755,6.2012653,8.285005,9.821933,9.371105,6.4447923,7.1024566,8.8806715,7.667962,8.69015,7.22039,8.649264,10.082945,8.343531,7.0374084,7.8487167,10.457996,8.790398,8.749526,10.959054,8.698842,8.588537,10.9812975,9.859174,9.961334,9.500864,11.79475,11.155698,11.759008,10.122875,11.5372305,9.283213,7.8882914,6.9340806,7.3733253,9.324532,9.446526,9.874933,10.505763,6.29367,9.620374,11.926798,8.271846,8.609667,9.720778,8.668301,9.4913845,8.657604,8.084463,11.421148,10.6943,8.048088,8.401951,8.426307,9.815813,7.750251,9.385355,7.4735756,9.390768,7.9131618
lois2018,pbr28,MNI152,2mm,0.9900601,0.96816826,0.9911721,0.9786288,0.93230075,0.9781609,1.0996575,0.97584146,0.9684786,1.0058826,0.98438096,0.9840426,0.92269343,1.0369669,1.011753,0.93843687,0.9845522,1.1095203,0.961207,0.9844171,1.0126112,1.0450935,0.9985938,1.0846952,1.0190642,0.91622216,1.0507517,1.047963,0.9977199,1.0528425,1.0683125,1.1421703,1.1234891,1.1433069,1.0702997,0.94723034,0.95571077,1.0141529,0.8855769,1.0334976,1.0331515,0.88341105,1.0093715,0.87733406,0.9413842,0.9298154,0.8878759,0.9444351,0.88975203,0.97721916,0.87979126,0.9639578,0.95641655,0.9123698,0.92650014,0.97354645,1.1480659,1.0221553,1.0792427,1.0583684,1.0829258,1.0900537,1.0404243,1.1028681,1.1260046,1.1150147,0.96263504,0.9750984,1.0076001,0.87297857,0.9551954,0.97188425,0.989373,1.0560292,1.0973583,1.1368127,1.0826926,1.0089881,0.9530833,0.90700215,1.0047463,1.0271015,1.0191855,1.0065976,1.0476239,1.0011069,0.940063,1.0760019,1.0569915,1.061324,1.0508697,1.1255131,1.0527841,1.1460979,0.95388985,0.94872797,0.9967749,0.9258121,1.0332503,1.0559307,1.0334651,0.967987,1.0379155,0.9155737,0.9963558,1.1270999,1.0795227,1.0093629,1.0881968,1.1585101,1.0316969,1.1137725,1.09486,0.93590474,0.9923102,0.9844645,0.9371316,1.0526811,1.0759752,1.1936768,0.9887539,1.1101177,1.0083795,1.0818136,1.0593693,1.0718635,1.0524588,1.047277,0.98661685,0.9751573,1.0711886,1.0635476,1.0482669,0.98743373,1.0504749,1.0453656,1.0641347,1.019273,0.9949601,1.0498482,1.0319616,0.9673365,0.96707964,0.95915425,0.9915995,1.0095712,1.0572283,1.0012779,0.9966508,0.9929173,0.9867874,0.85623866,1.0474145,0.98359936,1.0663062,0.99323493,1.0050733,0.9386134,0.9903457,0.93654615,1.0383941,1.1020056,1.1303138,1.0217444,1.0568024,1.1146396,1.1137013,0.99103916,0.9929259,1.0088156,1.0326123,1.0571009,1.1216518,1.0249375,1.0301352,0.97564214,1.0376272,1.0748358,1.1208758,1.0945995,0.9707503,1.0243087,0.9665114,0.9577048,0.95982146,1.0012136,1.0690429,0.9686469,0.97517467,0.9485048,0.9825038,0.9060071,0.9665078,0.9612389,0.9823055,0.9664082,0.9602664,1.0589812,0.9622567,1.0116137,0.9860453,1.0486084,1.0090966,1.117925,0.96591043,0.8790522,1.0170819,0.99171114,0.9738334,1.0210348,0.98529255,1.1124598,1.0549273,1.1294899,1.0368438,0.98658794,0.9335667,0.97773767,0.9238083,0.97613454,1.0127271,0.87219423,1.011377,0.849764,0.92754316,0.9036203,0.8599143,0.93246734,0.89504373,0.95661396,0.8259905,0.94919467,1.0025032,0.85611844,0.90955853,0.8832653,1.133196,1.0037068,1.0758063,1.0296894,1.0110909,1.0505098,1.015612,1.0658634,1.098978,1.1221389,0.9131994,1.0175512,0.9883153,0.8637625,0.97606677,0.96861696,1.0379848,1.0392475,1.053451,1.1025478,1.0751156,1.0199986,1.0384511,0.983182,1.049814,1.0544626,0.99977714,1.036384,1.0677979,1.0582148,0.9463937,1.0791361,1.0497968,1.0414714,1.0602696,1.0522797,1.0521867,1.1357583,0.9761224,0.99115354,0.957503,0.92234325,1.0208718,1.0035995,1.0158694,0.9460054,1.103398,0.9396954,0.94601303,1.1085914,1.1130978,0.99860096,1.0596708,1.1540408,1.056944,1.1213567,1.0500145,0.9665502,0.93630576,0.9678481,0.9584598,1.0692921,1.0895073,1.1926596,0.9335938,1.0648334,1.0138527,1.0858829,1.0126299,1.0695171,0.99595714,1.0850232,1.038694,1.0457523,1.0709236,1.0233389,1.043393,0.9944256,1.017492,1.0040714,1.0643239,1.0288681,0.9913329,1.0479397,0.9803435,0.9259222,0.9524655,0.9809407,0.95614654,0.97317827,0.99078155,0.9000943,0.9492296,1.0005329,0.9570196,0.8809663,1.0340321,0.9561288,1.0346192,0.99176157,1.0370003,0.968936,0.99308234,0.90363044,0.9910326,1.0633931,1.0811753,0.9923049,0.975308,1.1602271,1.1514667,0.9962667,1.0072532,1.0216932,1.0809811,1.019439,1.1437352,1.1002711,0.9494544,1.0757875,1.0130255,1.1103256,1.0683764,1.0718784
lukow2022,ro154513,MNI152,2mm,2.946165,3.5164633,2.7442853,2.886434,2.7505252,2.8567703,3.5325701,2.5166054,2.605987,3.372065,3.616695,3.324791,2.4129143,2.42298,3.2936172,2.9439943,2.9221206,3.944472,2.3599837,3.1438968,3.4344337,3.142464,3.2942944,3.8837574,4.0895,3.7632756,3.8612835,4.1055255,3.425648,3.8829358,4.0725074,4.7165074,4.1380377,4.5289,3.960038,2.7421944,3.533019,3.9443495,2.9698265,3.559822,4.215304,2.9535336,3.901627,3.7249315,3.357791,2.9490337,3.035996,3.1068828,2.9526532,2.8828604,2.7263432,2.9907537,2.422604,2.985768,3.222195,3.6668777,5.773156,3.4213846,5.757715,5.127673,6.446461,5.4123163,4.340514,5.318366,5.458925,3.5446913,3.7273355,3.7027826,4.795313,3.9283366,3.5510354,4.4025283,3.430394,4.0512886,3.506076,4.058644,4.2036943,4.1174703,3.31241,3.3369327,3.423403,3.8466287,3.7220578,3.9342802,4.095325,4.1254945,3.9787219,4.612314,4.028096,4.020556,3.8812149,3.9223764,4.7560506,4.7919097,3.4088855,3.2696455,3.7252414,3.927076,4.337622,3.9933739,4.286933,4.2764754,4.5348635,3.2482092,3.900199,6.184578,4.5929823,4.825752,6.1870656,2.5900788,4.603758,5.69035,4.6713347,5.067746,4.551369,3.792498,3.4844825,2.5681076,0.96252066,0.14364277,3.6327782,5.812667,4.5810056,3.4619386,3.9497402,3.528365,4.8923683,3.6333215,3.469015,3.9635985,5.085699,4.769327,4.3508816,4.4935045,4.943453,4.3080344,4.2306733,3.6567872,3.511077,3.8858736,3.8908346,3.291291,3.7535923,3.2716405,3.3904018,3.243209,4.156175,3.825519,3.338155,3.8550932,3.729538,3.1326642,3.8132393,3.7249763,5.3688498,3.4171844,3.896701,3.0739534,3.4911277,3.5583003,3.6330132,4.70223,4.2255325,6.3135037,6.306444,6.018689,6.012134,4.853574,3.5476663,3.8839264,3.9842525,5.3170238,4.2262444,2.9301102,3.9139876,4.1355042,4.356131,5.020167,5.542853,6.202575,2.9481761,3.2080214,2.600558,2.8909128,2.8490179,3.0198884,3.482491,2.5708811,2.7379742,3.4207597,3.7927077,3.6034656,2.723051,2.6497495,3.4087913,3.2030766,2.8759649,4.436263,2.3617852,2.4931867,3.5388005,3.5603998,3.5590305,4.0149846,4.1282616,3.784332,3.867983,3.654994,3.1938667,3.80082,4.1334686,4.7345243,3.9663293,4.6309366,3.7811134,2.6370008,3.2858372,3.9012704,2.9033968,3.406338,4.0352044,3.110994,3.8022313,3.8085666,3.3531847,2.9584093,3.0830364,3.2360082,2.941962,2.9311674,2.6418517,3.0149996,2.542878,2.826342,3.2289915,3.667247,5.6154237,3.7622573,5.683023,4.8098016,6.701646,5.002699,4.4383683,5.729575,5.5617313,4.0523996,3.8302379,4.1619277,4.8685284,3.995339,4.0377383,4.56446,3.4399142,4.2232533,3.7140992,4.3806534,4.2639666,4.158201,3.6916962,3.3168454,3.9717803,3.8606553,3.8122861,4.0001855,4.1804085,4.3250203,4.2073874,4.8673472,4.1103263,4.1521544,3.91768,4.4642053,4.6297245,5.260316,3.859587,3.5010357,3.943814,3.9384758,4.1599813,3.849067,4.3203993,4.230144,4.718123,3.848574,3.5573907,6.337262,4.414118,4.9965334,6.350343,2.0669827,5.1049757,5.341597,4.618057,5.1878886,4.6798697,3.7834663,3.5836565,2.6196544,1.1387017,0.13814828,3.2744257,5.807902,4.6336513,3.7836483,3.7797294,3.681493,4.486049,4.181477,3.283742,4.5778203,5.229403,4.5956044,4.579041,5.0594854,5.0158124,4.1996484,4.424615,3.8427553,3.8029873,4.120617,3.3959744,3.1028407,3.9688184,3.3118834,3.1346428,2.749856,4.1672187,3.6494315,3.5661435,3.8328142,3.7561307,3.1258438,3.927386,3.6633828,5.2385902,3.5024688,3.557623,3.076534,3.690129,3.3208442,3.5225344,4.6640544,4.634696,6.0485034,6.52724,6.2089176,6.1820674,5.0865617,3.794493,4.3013296,4.258667,5.9439,4.047375,3.585638,3.5806758,4.1125913,4.1908994,5.452726,5.3410487,4.715046
malen2022,raclopride,MNI152,2mm,0.24028055,0.34098846,0.26982537,0.24940167,0.2628769,0.26935858,0.2789877,0.23090263,0.23294057,0.258358,0.30866447,0.20610943,0.2932889,0.21424663,0.28216606,0.2672237,0.2791272,0.30370882,0.30687708,0.23780783,0.257346,0.29172993,0.3384985,0.29311478,0.3081192,0.1610211,0.28021345,0.2723934,0.27434614,0.305869,0.26295203,0.3034963,0.29392222,0.32242173,0.31654993,0.19206207,0.29074487,0.31491625,0.1706042,0.28134543,0.31887427,0.21390326,0.24454173,0.15664189,0.24202596,0.23557435,0.1846596,0.25001773,0.20121562,0.2776462,0.107557535,0.27219376,0.28220817,0.15383434,0.18477963,0.13637353,0.31439343,0.29378664,0.28806704,0.2991488,0.24602346,0.2677871,0.21462713,0.26497233,0.23771,0.26309142,0.21540335,0.28389212,0.18003258,0.15031235,0.24870427,0.12746546,0.28794992,0.24755174,0.21944968,0.18611449,0.18924724,0.275282,0.31467092,0.31961358,0.3027106,0.28258076,0.2912651,0.2867532,0.26463497,0.30371815,0.23186418,0.13704559,0.26827848,0.14932539,0.25977236,0.26540768,0.22821938,0.25308195,0.31082913,0.27729633,0.23293911,0.18061092,0.19504923,0.23321563,0.33272403,0.3421396,0.4222797,0.30458096,0.34695017,0.4441792,0.23413573,0.35487953,0.49012747,0.32829136,0.3568853,0.3820997,0.26921687,0.61914843,0.37734324,0.33825043,0.30667794,0.12038076,0.13571969,0.30621895,0.18682963,0.23232956,0.1708564,0.31912705,0.25615922,0.15139787,0.29976532,0.32982853,0.35323444,0.35068348,0.21056156,0.23821412,0.2971031,0.28753054,0.29830915,0.33354676,0.30630687,0.33929455,0.35077325,0.34260947,0.34952015,0.25231037,0.22217074,0.32061926,0.29450563,0.3035617,0.3019231,0.293923,0.29144612,0.34706944,0.27506626,0.15444022,0.246061,0.31107908,0.2998718,0.31518427,0.34052992,0.27254817,0.2742955,0.2745471,0.320569,0.31184626,0.27443174,0.3716389,0.2694339,0.5585278,0.57204103,0.4957463,0.30358684,0.24264808,0.2542205,0.24145685,0.31429246,0.2939592,0.19381748,0.33668458,0.264116,0.29039717,0.2875288,0.25537267,0.24492227,0.32302466,0.28883246,0.2548263,0.27890694,0.29035285,0.2780357,0.22618589,0.24535416,0.256011,0.28451768,0.21428512,0.29214618,0.22108535,0.27087632,0.29908255,0.30399564,0.2879227,0.3288822,0.3026338,0.25314704,0.2937988,0.31985125,0.2947827,0.2813211,0.16655302,0.28221837,0.26933104,0.25907516,0.30850363,0.2715104,0.30429357,0.30397806,0.3342748,0.33162922,0.18831049,0.2897136,0.32120505,0.1738325,0.28015795,0.31756493,0.20982638,0.24072248,0.16671674,0.22383672,0.21762404,0.19082387,0.26158223,0.20917934,0.27657932,0.121661484,0.27168936,0.2857985,0.16980301,0.19752212,0.15302308,0.3127596,0.3035682,0.30493528,0.31687117,0.26087266,0.29219574,0.2335951,0.27238938,0.24460593,0.22468945,0.22376096,0.27952686,0.18784659,0.16806644,0.25078404,0.14202549,0.29311562,0.22981304,0.1926711,0.17281096,0.20616569,0.28314808,0.30159286,0.30768323,0.29181695,0.28364936,0.28055367,0.29954255,0.2638025,0.2969067,0.24092199,0.16036667,0.2756178,0.1492831,0.24019055,0.25531822,0.23560983,0.29209858,0.31503803,0.28541198,0.23818272,0.20457974,0.18914114,0.23893504,0.32048452,0.33648893,0.4184427,0.31557962,0.33559486,0.46041,0.2139958,0.34008583,0.42841986,0.29239863,0.32176465,0.33225694,0.26143304,0.58464193,0.3899544,0.3303713,0.31189072,0.12609088,0.16059373,0.30554816,0.18997574,0.2015876,0.14858079,0.29131734,0.21871641,0.16395974,0.2923548,0.28183892,0.32982415,0.32878944,0.18942209,0.1777412,0.26350605,0.24003534,0.27252847,0.2756976,0.2888913,0.31916386,0.3221801,0.32938161,0.32722664,0.25680435,0.25427482,0.32153428,0.31091538,0.3290655,0.32253638,0.28066218,0.31952247,0.34926152,0.30719092,0.18418118,0.24561512,0.29937425,0.2945636,0.26638126,0.33085343,0.30646273,0.27971318,0.26294726,0.3331912,0.3200993,0.26510373,0.3647994,0.28093588,0.601428,0.6844806,0.45797834,0.27200124,0.25016987,0.26430675,0.24006955,0.30321994,0.29181793,0.14794499,0.29309112,0.23493303,0.311832,0.30424738,0.34417605
margulies2016,fcgradient01,fsLR,32k,-2.9412742,-4.1480274,-4.4530716,-3.9453177,-3.6584442,-3.9181101,-4.243278,-5.0514317,-5.054031,-2.6592422,-1.975347,-0.15844004,-4.4426904,2.5264637,2.97905,-4.427193,-3.752272,-2.9799023,-4.2344947,-4.2114153,-4.043397,-3.9436605,-4.1151075,-3.7294362,1.4519213,4.3393683,-0.64252114,0.058091808,3.6526783,6.0799594,3.5623376,3.9430473,5.947439,5.991085,6.377704,-5.20465,-3.8841674,-2.2121992,-5.0187645,-5.1729302,-4.5190225,-3.892978,-2.5544264,-0.854745,-1.548101,-0.8656624,-4.546411,-3.8317964,-3.6312327,-1.1893896,-5.2388062,-5.116673,-4.894686,-5.202761,-5.0364094,-4.3347974,-1.6785043,1.1593683,-2.190037,-2.5083044,4.6505795,5.1921406,4.711537,4.1152153,5.7131176,4.1092362,6.4045677,5.662752,6.3157487,6.5542436,6.2403736,6.2515206,5.3074183,3.956498,4.6824756,5.582123,5.930646,-1.4613682,1.5342964,1.7237834,3.1116385,1.7552218,3.130731,-0.13316697,3.6252372,0.8572288,5.9990563,6.288857,5.6076474,6.2595725,1.7840077,3.3416276,5.1769547,5.490179,0.8971538,-2.6695266,3.7034736,5.456189,-3.7394125,-4.3499923,-4.9692826,-4.392838,-3.592887,-4.1030416,-3.8368576,-3.2552526,-3.2537892,-1.3532968,-1.2488654,-0.77005774,1.7161478,1.4705085,-3.3196492,-2.9689016,-4.3526487,-3.263684,-2.0222676,2.8918176,0.6133166,0.053880237,-3.4737592,0.11702282,0.033423793,-3.5225646,-1.5650132,1.150653,-0.60301596,1.9502138,2.7365856,5.767744,4.2962937,6.5123596,5.398108,4.512531,1.0104309,-0.8445012,-0.030522848,-1.7939651,-0.6822062,-1.8364952,-2.551307,-3.1292298,-1.6354978,3.3426685,3.9880478,-1.7401121,-3.1915877,0.0041276496,5.7386637,5.7999024,5.3552547,-4.5049257,-4.206909,-4.17832,2.8553698,-4.200578,-3.6515002,-4.0393267,-4.1711354,-4.023351,6.194278,4.371362,-3.628568,5.5087132,5.6324425,1.6131078,-2.858969,-4.451534,-0.9851542,5.164325,4.1836114,3.605559,-3.5897813,-3.7397978,-3.025166,5.718691,6.371888,-2.6023257,0.4041405,-0.056628767,-2.8940947,-3.8719778,-4.4908447,-3.945715,-3.928179,-4.0217137,-4.225678,-5.0721626,-5.047693,-3.0048409,-2.0173066,-1.0524355,-4.4400554,2.4444797,2.2154512,-4.3685813,-3.3253715,-2.7620316,-4.143811,-4.2312293,-4.146525,-4.050862,-4.1231227,-3.8249586,-2.5612955,0.86593026,-0.33644614,-2.4251459,2.3972497,5.8485045,2.4898431,3.524767,5.874403,5.8461466,6.0775585,-5.2440414,-3.931585,-2.2967238,-5.0882163,-5.1336727,-4.8329945,-4.186678,-3.524005,-1.9637631,-2.2726316,-1.4275758,-4.765857,-4.0163937,-4.093967,-1.4950444,-5.248443,-5.1379604,-4.941703,-5.282338,-5.0667996,-4.3279247,-2.3269877,1.208267,-2.1094306,-2.6500835,4.1119623,3.775091,3.623433,4.0690556,5.118674,4.5912337,5.6573257,5.3687644,6.2548294,6.331883,6.1517835,6.3017015,5.002659,2.6102178,2.8357244,5.4725766,5.7283163,-1.3219618,0.16282168,0.83217025,2.0218122,0.933611,4.1608253,0.63112664,3.4193487,0.6109462,4.750878,6.2043405,4.702513,5.5423,3.2952633,1.1674684,4.685285,4.8377523,-1.5047934,-2.5773966,3.2822604,4.2629414,-3.8350365,-4.3809857,-5.0165696,-4.4334855,-3.7149696,-4.3207817,-3.8061922,-3.545006,-3.313367,-1.794938,-1.3056988,-0.76639634,1.7777092,1.1558316,-3.5744338,-3.2734213,-4.643653,-4.044838,-2.6418624,2.672808,-0.41635978,0.025467927,-3.7564826,0.1569771,0.639167,-3.63197,-2.5016692,-0.031805318,-1.5050403,0.7701029,-0.04404014,4.5055995,4.0669904,6.3563733,5.0713534,4.7101946,0.09821769,-1.0286644,2.6751797,-2.2873707,-1.1159525,-1.2893754,-2.6469646,-3.8107972,-1.5957198,2.4568722,3.8093276,-1.0354402,-3.492282,-1.5855927,4.011577,3.9272509,5.6988544,-4.5287623,-4.2600665,-4.1314363,1.0188776,-4.189062,-3.5982635,-4.0259495,-4.127975,-3.8521914,5.8279963,2.8072815,-3.417936,5.507017,5.802794,1.2643356,-3.2494936,-4.48005,-0.6963404,5.1780133,1.7827483,0.8651038,-3.6001787,-3.79374,-3.256302,4.6520596,6.2072487,-2.554197,-0.21084602,0.84296185
margulies2016,fcgradient02,fsLR,32k,3.1644928,4.376274,4.1661296,4.2659273,4.187931,4.8390703,5.5409193,-2.592452,-2.6375363,0.6829221,1.1542423,-0.88894427,4.8356895,0.10791791,0.22111058,5.0344296,4.4178042,4.1112556,5.3282723,5.23548,5.1874704,5.1000447,4.3583174,-1.2414064,-0.67012405,-0.50603974,1.1169953,0.23007712,0.3961894,-0.0701063,0.712198,-0.24024372,-0.056754787,-0.09539907,-0.15331317,-2.759265,-1.1644022,-0.25142217,-2.481955,-2.4789507,-2.1491413,-0.9296741,-1.1222711,-0.40993544,0.32687226,1.2798526,-0.589209,4.238353,2.73031,1.9639716,-2.7504961,-2.3425233,-2.4337912,-2.5071347,-2.576095,-1.733624,-1.0358821,0.15134375,-0.74681574,-0.90606487,-0.19281006,-0.21716645,0.02324387,-0.17051029,-0.077055044,0.2492668,-0.13838746,0.008518683,-0.23180509,-0.2318736,-0.19158976,-0.13998497,0.08659678,-0.21621956,-0.28184178,-0.25417638,-0.025071424,-0.032579187,0.50822556,0.9801475,0.24699748,0.5441544,0.3721672,-0.1918373,0.040640153,-0.22809663,-0.25219813,-0.17322281,-0.12351331,-0.18491012,-0.019757533,0.10764363,-0.027843686,-0.24668859,1.5160105,-0.037696514,0.4348416,0.007746506,-1.6322379,-2.1098368,-2.4666524,-2.0641713,-1.508073,-1.8071489,-1.5840333,-1.298778,-1.4218268,-0.6252278,-0.5557723,-0.293302,-0.13843417,-0.45983168,-1.3842252,-1.1257445,-1.8729753,-0.28300515,0.6792031,-0.14401166,0.57070404,-0.009474518,3.3794854,0.86918694,-0.62993944,-1.5707086,-0.99016565,1.6567962,2.3943346,-0.22604772,-0.29093483,-0.20825392,-0.18674211,-0.1788267,0.15297763,0.08751412,1.1367077,1.5004576,0.43767413,2.859115,0.15472613,1.2406003,3.0353515,3.68416,2.5752695,0.4581779,0.5122238,3.2439446,-1.0544157,-0.023825701,-0.023111701,-0.03523881,0.11993561,4.7200065,4.785583,5.428816,0.9661212,4.9160533,2.7475817,5.2356143,4.830591,5.0735188,-0.1436804,0.097863816,5.061261,-0.0248656,-0.002354195,-0.056116905,-1.0726032,-2.1601794,-0.51766986,-0.028251635,0.21225207,-0.044747982,-1.536429,-1.4456962,-1.3756976,-0.15756036,-0.081934,-0.9584624,-0.4019571,-0.47791132,3.2324407,3.3423069,4.0968237,4.264699,4.405746,5.0101643,5.5566683,-2.588907,-2.6438286,1.1748992,0.62469274,-0.49510485,4.8508334,0.2707806,0.568609,5.0464067,3.9994445,3.6075666,5.274764,5.295692,5.068477,5.1136475,4.229211,-1.3958867,-0.8291112,-0.47160795,1.2594488,-0.07109749,0.6453711,-0.01855451,1.1453747,-0.19806065,-0.057169925,-0.047478,-0.08799065,-2.8048742,-0.76898575,-0.14223419,-2.544101,-2.505801,-2.3483713,-0.7392508,-1.3647432,-0.46583953,0.54747695,1.4954301,-0.8211152,4.230932,3.9179857,2.4686089,-2.7530055,-2.2839742,-2.4851942,-2.6428933,-2.5551362,-1.7061123,-1.0532829,0.43384585,-0.78220606,-0.9088584,-0.2325236,-0.19382828,0.07958426,-0.1548209,-0.059999283,0.121086314,0.014902874,0.090997644,-0.18344142,-0.18943462,-0.1598291,-0.14170574,0.10451457,-0.111927554,-0.2199058,-0.21320802,0.025708726,0.4721692,0.969521,1.4769361,0.6103454,0.73991734,0.304549,-0.022059295,0.021264711,-0.16350238,-0.2509593,-0.13630731,-0.01638939,-0.1138358,0.20053418,0.11421613,0.03299539,-0.21488978,2.5822568,0.2953731,0.5292288,0.09463279,-1.6843436,-2.0634072,-2.4835894,-2.0762627,-1.5731028,-1.9235401,-1.566016,-1.4546897,-1.427486,-0.6641446,-0.5322283,-0.29599664,-0.07312407,-0.42310676,-1.5043862,-1.2552686,-2.1831305,-0.660866,0.867746,-0.10956377,0.89967585,-0.008839602,3.575614,0.8646681,-0.46859285,-1.5493189,-1.2367405,2.2262778,3.0785615,-0.16271083,-0.3916039,-0.12733126,-0.07457356,-0.16288117,0.195031,0.070748016,1.7007521,1.3051528,0.4561036,3.1658401,-0.031721182,1.1512958,3.3620386,4.2235556,2.625605,0.6044001,0.57636297,2.891033,-0.8897934,-0.07687362,0.043106392,0.3232442,0.06372653,4.6298966,4.848057,5.375169,1.7700195,4.630187,2.2557921,5.1856337,4.694766,4.9767036,-0.078232184,0.21445704,4.8549724,-0.016325705,-0.04954182,-0.18303208,-1.2457875,-2.1634223,-0.37000203,-0.039937776,0.01112796,0.40621817,-1.542247,-1.4387201,-1.5529112,0.02539029,-0.08455403,-0.90847796,-0.40790573,-0.18797861
margulies2016,fcgradient03,fsLR,32k,-0.5937448,-1.2860719,-1.1328288,-1.0333054,-0.8621921,-0.9571021,-1.218344,-1.5237871,-1.5820003,0.9650861,1.4597439,-0.97422016,-1.133166,0.2387626,0.8455516,-1.0495988,-0.33147,-1.2149056,-0.95133936,-1.1120688,-1.0130389,-1.0837753,-1.500103,-0.71458256,-1.41472,-1.7157552,-0.15672338,-1.6404233,0.52302676,-2.0850072,-1.4123864,0.017813949,-2.086728,-1.3840058,-2.118776,-1.6658106,0.16454831,1.2591776,-1.2589637,-1.4778184,-0.5295141,0.40214792,0.774753,1.6159492,1.5913628,1.7484972,-0.30268332,-0.29591355,0.270641,1.5240421,-1.708755,-1.2315475,-1.4480608,-1.2942814,-1.1553509,-0.25921154,0.18123399,1.0013033,1.6101147,1.5669312,-1.2543023,-0.528905,0.60628575,-0.5674835,-2.2320192,-1.285214,-1.5768462,-1.4915988,-2.4441447,-2.2170243,-1.8866576,-2.1447368,0.16068108,-0.55455023,-1.778827,-2.0700448,-0.18991846,1.9460503,0.7825135,1.9341989,-0.7841267,1.5257484,1.9846264,2.1570485,1.8493277,1.7618647,-1.8241501,-2.6044466,0.19570327,-1.4732037,2.2182336,0.6180597,-0.59561783,-2.0511863,1.7913735,1.088465,1.1059537,0.03326233,0.35476553,-0.80403256,-1.2088001,-0.985679,-0.10828237,-1.070571,0.33497187,0.5531339,-0.97349685,1.9571099,2.0518472,-0.22489986,1.4306042,0.4603179,1.0772649,1.2486807,-0.17592102,0.8228765,1.3264462,-1.6134355,-0.749686,-0.05969697,-1.126731,-0.7037373,-2.1938725,-1.2022563,-2.0674376,-1.4648539,-0.24152827,-2.4259632,-2.417453,-2.1936738,-2.5395226,-2.4508061,-0.07489563,0.32086295,-1.1907172,0.8039867,1.6419137,0.7053626,-1.6883616,-0.40804762,-0.67070127,-0.5983126,0.5929632,2.0479884,1.3133179,0.5818747,1.1178278,2.0773582,0.08198651,-2.2451835,-1.2643895,-1.0996037,-1.1973814,-1.0933014,-1.2711763,-1.2350657,-0.027463429,-0.80194265,-1.2052103,-1.0906429,-2.2329834,-0.17072886,-0.9502305,-2.3113701,-2.1530962,0.09511407,0.991474,-1.0907557,1.7680914,-0.081582345,1.1689801,-2.331709,-0.62404984,-0.9581505,-1.5509917,-2.6522222,-0.5959011,0.3729162,1.6138709,1.3778781,-0.5809419,-1.2546587,-1.1755372,-1.0147951,-0.97472036,-1.0251015,-1.2057915,-1.5726417,-1.6201925,0.7882596,1.555848,0.18157858,-1.1526073,0.25551283,0.90825367,-1.0096127,0.0028586446,-1.4118967,-0.86944824,-1.0792297,-1.1885856,-1.1403439,-1.5044836,-0.7520158,1.0139396,0.50577503,-0.023706907,-0.7661502,1.4200742,-1.8207606,-1.2066013,0.59284186,-2.0822783,-1.0839207,-1.4186276,-1.7222568,0.0880202,1.4426492,-1.3813369,-1.4687808,-0.9983763,0.12830028,0.66892564,1.7819165,1.3766946,1.6487523,-0.6135227,-0.46380317,-0.35211304,1.1803362,-1.7497771,-1.3059994,-1.5086259,-1.4974933,-1.1912415,-0.31003258,0.58980614,1.5578978,1.4693257,1.5311717,-0.65895796,1.0598769,1.6993127,-0.022093205,-1.4843853,-1.8423214,0.08555297,-1.0877606,-2.1572394,-1.5677279,-1.4143606,-1.920111,0.61543983,0.9307175,-0.5803598,-1.6134458,0.27125305,1.9275268,0.71030104,1.7743216,-0.11558666,1.9405826,1.6824625,2.3951998,2.0410573,2.1120908,-0.52219564,-2.5074823,1.2836121,-0.3182437,2.056144,1.5883656,0.03129937,-1.6482704,1.2559905,1.0349997,1.7091491,1.2064732,0.097846374,-0.6979385,-1.2332066,-1.0179337,-0.17395346,-1.0049447,0.41968128,0.31799927,-0.8955203,1.9684862,2.0747795,-0.1936299,1.9515312,0.55238837,0.8048454,1.0402251,-0.7843465,0.041615855,1.095352,-1.7988762,-0.687161,-0.041106734,-1.1242893,-0.91238904,-2.347079,-1.0607232,-1.894334,-1.3428714,-0.45832035,-2.2875416,-1.9667101,-1.726712,-2.3684552,-2.4177823,0.5723988,-0.329583,-0.9240007,0.5129964,1.092926,0.42216584,-1.6666002,-0.15125269,-0.9709497,-0.8311272,0.5317207,2.380853,1.5670222,0.7875964,0.8771315,2.0646718,1.4206547,-1.5291672,-0.74583554,-1.1393161,-1.2115636,-1.1091173,-0.92869866,-1.3730599,0.13506155,-0.7801235,-1.2496917,-1.0411868,-1.4043825,1.1720743,-0.9441265,-2.2887518,-2.1455376,0.65481216,0.6711458,-1.1045554,2.168515,0.25495315,2.2020266,-1.712454,-0.54503095,-0.8786884,-1.5496472,-2.5145202,-0.58263206,0.7684806,2.0381439,0.20465776
margulies2016,fcgradient04,fsLR,32k,0.9693036,-0.11689535,0.77499366,0.7803036,0.62851965,0.2764864,0.31326097,-0.38281018,-0.33536085,-0.20497182,-1.3220344,0.025345532,0.55503047,0.37172368,0.0536267,0.15617865,-0.92430013,-0.38659987,0.09344044,-0.04545086,-0.1373378,-0.14961958,0.12422091,0.7321971,0.18741849,0.07101998,0.12283248,0.15991674,-0.6113273,0.00432869,0.100427285,0.37071207,0.032659303,-0.033563294,0.057282712,-0.3592127,0.07164749,0.2277311,-0.41202015,-0.5093768,0.06735559,-0.7615929,-0.104004145,-0.27755493,-0.79294974,-1.6429693,-1.6578014,-0.89987105,-1.5605596,-2.1521957,-0.7229963,-0.980137,-0.116095625,-1.2059432,-0.48274517,-0.98900014,0.36412415,-0.54727167,0.39557645,0.41683066,0.3815536,0.24267405,-0.54405457,0.50764704,0.080068134,-0.52227813,-0.16697872,-0.10518811,0.062482554,-0.019723022,0.06869094,0.013379473,-0.6459625,-0.1997768,0.008374062,-0.011621729,-0.5192471,-1.191498,-1.1548407,-2.0037134,-0.6013221,-1.4610219,-1.2375667,-0.25667083,-0.5567715,0.32637468,0.11903817,-0.024457233,-0.13114195,-0.074151814,-0.44922718,-0.6179563,-0.35721287,0.10280019,-1.842906,-1.6656786,-1.0414652,-0.37455213,0.3977219,0.039334845,-0.60307693,0.32579482,0.57368636,0.4166594,0.039881174,0.10887885,0.471615,0.18018547,0.051133722,0.15005706,-0.083688036,0.5218747,0.18453768,0.16297601,-0.93506867,-2.078154,-2.28226,-0.029042428,0.32601383,-0.0054271123,0.89614815,-0.74491346,0.017986635,0.50952494,0.05340891,0.1812154,-0.56739956,-0.012065725,-0.02179276,-0.036246147,-0.04662068,-0.02906109,-0.7894855,-0.68614656,-0.65108633,-1.7063894,-1.119504,-1.7850684,0.007793521,-0.28577214,-0.15735239,0.35956725,-0.87741596,-1.386502,-1.3385226,-1.374602,-0.6349144,-0.75595164,-0.44203722,-0.06591634,-0.24407727,0.3038885,0.73529696,0.2105454,-0.23381181,-0.13689817,-1.4562137,-0.3238546,0.16202909,0.48171714,0.060231384,-0.0953619,-0.216639,-0.005,-0.04950637,0.065003246,0.37922868,0.104807995,0.34037018,-0.07230136,-1.050587,-0.060053937,0.60364854,0.65066713,0.30620998,-0.026264708,-0.34058762,0.5445953,0.6507926,0.8352809,0.96646005,-0.40247178,0.7866996,0.76038826,0.57651174,0.19460912,0.21240565,-0.3723073,-0.3004101,-0.4608146,-0.54068285,0.19507882,0.5505588,0.35300323,0.016689265,0.1446503,-1.2623159,-0.33062157,-0.0671431,-0.06548738,-0.105370834,-0.15276706,0.04655773,0.67694694,0.20686093,0.32917973,-0.023201501,0.28509882,-1.0382957,-0.026292194,0.095616125,0.3246388,0.0619334,-0.09708387,0.0020926646,-0.4085469,0.12904617,0.105705924,-0.43812278,-0.43862712,-0.08843192,-0.9071862,-0.12867568,-0.39083478,-0.9635531,-1.732104,-1.5677382,-0.7763737,-1.0363617,-1.9292467,-0.7330505,-0.9885542,-0.15620397,-1.1965925,-0.5973228,-0.7486249,0.23621099,-0.86918324,0.486699,0.33128303,0.52355736,0.27616274,-0.595963,0.41269735,0.18826932,-0.21969812,-0.4116769,-0.16791919,0.027185079,-0.048773453,0.023661388,-0.0015994898,-0.58967996,-0.2595472,0.09153713,0.024207106,-0.59841764,-1.4746197,-0.97477186,-1.9185766,-0.66786474,-1.5534222,-1.025677,-0.42096296,-0.5245889,0.1427832,0.21836704,-0.040911898,-0.320681,-0.1459156,-0.7998782,-0.5906424,-0.39817742,0.13788754,-1.8512518,-1.7556837,-1.245947,-0.4481347,0.3485214,-0.12960406,-0.6455309,0.3216356,0.5464655,0.36990958,0.13961732,0.107581995,0.4653143,0.21361613,-0.016691564,0.11560996,-0.23839729,0.43788883,0.17479782,0.015637208,-0.6535529,-2.0000334,-2.2589698,-0.12798499,0.39126456,-0.004283406,0.86488336,-0.46694487,-0.017015873,0.5701498,0.09249696,0.22242127,-0.5729157,-0.024613388,0.08683368,0.040572625,-0.13460222,-0.018584538,-0.84543896,-0.43001708,-0.8186402,-0.9572384,-1.10836,-1.6639177,0.09547795,-0.27373236,-0.14790127,0.36757958,-0.8894414,-1.5461233,-1.3179367,-1.4319359,-1.0767064,-0.958657,-0.49075693,-0.046204228,-0.2984106,0.3697411,0.6984741,0.1958077,-0.37488776,-0.09916571,-1.4901665,-0.3640359,0.16651092,0.33550903,0.0626421,-0.28061315,-0.35641435,-0.0043889605,0.0042205127,0.18396978,0.380857,0.21527496,0.19909139,-0.10854866,-0.6689527,-0.2294026,0.589877,0.67925453,0.29392126,-0.05765666,-0.2619341,0.52344304,0.5434846,0.49007958
margulies2016,fcgradient05,fsLR,32k,-0.6116049,-0.20456094,-0.6338672,-0.6757572,-0.59504336,-0.49678513,-0.55896753,-0.853619,-0.90511376,0.8819863,0.78665113,0.930663,-0.62896144,-0.050645325,-0.22458628,-0.53545034,-0.102933094,0.29030812,-0.47926372,-0.42869583,-0.36079833,-0.30974925,-0.26592493,0.06562912,1.0514046,0.8983631,0.5413951,1.1872141,-0.28210297,0.3277455,0.16145575,-0.035395212,0.2992582,-0.09129797,0.32487133,-1.097593,0.19513656,0.7583567,-0.8320444,-0.9360879,-0.23808256,0.28756806,0.5803387,0.80059034,0.78314745,0.5518362,-0.19997062,-0.08590948,0.17076103,0.355098,-1.010272,-0.77493125,-0.7246451,-0.84746027,-0.75101745,0.08694618,0.5419039,-0.03080037,1.0184984,1.0743454,0.2908629,-0.13650614,-0.43792635,0.12695381,0.50056845,0.51609766,0.08492493,0.08077753,0.84458554,0.61541617,0.363964,0.36712185,-0.52243656,0.8018099,1.2167602,1.0169475,-0.6283265,0.91275924,0.5210466,-0.09827371,0.75772244,0.41491094,-0.5271205,0.8013826,-0.6831378,0.57154316,0.6509474,0.79386103,-0.7176473,0.22748153,0.04504218,0.008689364,-0.17162466,0.98959076,-0.082788974,0.44149733,-0.519995,-0.63421327,0.58349043,0.043400083,-0.59633416,-0.31545392,0.354529,-0.09452753,0.53334135,0.6671353,0.54849106,1.1362433,1.013121,0.32116216,0.28665292,0.4573817,0.94056195,0.98009473,0.13202378,0.40238497,0.35237354,0.29413253,0.064225115,0.010387042,-0.49254596,0.82905996,1.3448501,0.30452716,1.0637771,0.23551327,0.3327988,1.5527465,1.5818477,0.9493869,1.2204332,0.5685445,-0.49038103,-0.1744593,1.1752695,0.7823392,0.90367365,0.22679731,1.4000458,1.1141614,0.48290968,-0.23267432,0.3944594,-0.7267901,-0.7895112,0.11263713,0.90075743,0.77557737,-0.7133327,0.7232065,0.05643724,-0.5810279,-0.61131865,-0.5064917,0.39412814,-0.3325284,0.26440197,-0.3257713,-0.35301256,-0.49732578,0.5420206,-0.22298266,-0.25497073,0.607027,0.413851,0.6199502,0.83635306,-0.2407246,1.18949,-0.5518934,-0.47366217,1.4796449,0.28211465,0.096950166,0.59221345,1.0802349,-0.66983885,0.9445613,0.45011404,0.505178,-0.623785,0.08385009,-0.65455544,-0.66145575,-0.57962054,-0.48324183,-0.5209894,-0.8897221,-0.917189,0.58960134,1.0842497,1.0625788,-0.6321345,-0.10531277,-0.21641348,-0.50993085,0.02706276,0.44212458,-0.40417707,-0.43061137,-0.3467188,-0.31785744,-0.24865696,0.016629519,1.0388235,1.0664883,0.46938446,1.0510215,-0.2179818,0.21989352,0.12580213,-0.12723447,0.34568393,-0.27274695,-0.107590646,-1.1349676,0.16148938,0.8751899,-0.91248804,-0.9169711,-0.5756196,0.12679769,0.52041805,0.8975198,0.7567718,0.57949275,-0.37106687,-0.14823432,-0.13256982,0.17914627,-1.0347598,-0.8087066,-0.7867274,-0.9748406,-0.77023345,0.091898225,0.47944227,-0.052812167,0.9370154,1.0608475,0.14034851,-0.48012567,-0.6079394,-0.03598154,0.2304473,0.657036,-0.7997599,-0.107691154,0.5774832,0.23944183,0.060317278,0.2265626,-0.69902635,0.5264354,1.2562687,0.7699008,-0.900071,0.70375013,0.75122577,0.007098732,0.6144249,0.33974114,-0.9986144,0.41695398,-0.70463943,0.51566917,0.45080936,0.6854565,-1.015014,-0.2949954,-0.67745405,0.48330662,-0.38779697,0.8525936,0.29760656,0.37703314,-0.6382777,-0.72145504,0.45930803,0.023242682,-0.6579087,-0.37298742,0.28794962,-0.25156015,0.5152061,0.53291905,0.49802768,1.1617743,0.9917483,0.2946435,0.06915338,0.42492527,0.78095776,0.8678215,-0.1743331,-0.014312596,0.38848907,0.29336625,-0.02121641,0.0055710603,-0.5270659,0.5484,1.4646946,0.22213593,0.78043956,0.12855715,0.2797568,1.5141814,1.5278324,1.0264318,1.1864443,0.6138633,-0.81457716,0.03521158,0.9794049,1.0473545,0.12506916,0.22799477,1.3257303,1.2065215,0.40745795,-0.38437864,0.35317087,-0.50386,-0.918425,0.008780442,0.70445067,0.9496558,-0.6591983,0.6351492,-0.4125214,-0.5957407,-0.61214125,-0.48565924,0.39745158,-0.3170684,0.3522518,-0.3015999,-0.31435606,-0.41277415,0.06486506,-0.21342865,-0.14077872,0.58738637,0.3862959,0.48434746,0.6692671,-0.30774325,1.0408878,-0.6968111,0.18113728,1.591973,0.26888782,0.0333662,0.43774194,1.2015973,-0.620681,0.99691975,0.67473084,0.37261504
margulies2016,fcgradient06,fsLR,32k,-0.020839533,-0.1766271,0.072808914,0.035186585,0.032803107,0.037672788,0.042118408,-0.07733355,-0.11995022,0.18717727,0.21497144,-0.8320571,0.11754828,0.22116466,0.06469867,0.18191315,0.31556243,-0.51997703,0.17362368,0.06047025,0.047708463,-0.04996865,-0.32264543,-0.66685337,-0.89873415,-0.34613085,0.053206187,-1.2110742,0.024073651,0.75858057,0.5871038,0.16985086,0.846838,0.5727104,0.74869806,-0.017453758,0.29498577,0.2539824,0.17411442,0.15429045,0.10621277,0.6699814,0.099122345,0.2191805,0.39852187,0.2339741,0.9110379,0.3503253,0.6906303,0.15163763,0.07865592,0.45453542,-0.27063674,0.57000774,0.24750488,0.3818342,0.10406789,-0.28414795,0.28681064,0.29224518,0.63267106,0.26507467,-0.49024162,0.541885,0.80238986,0.09721735,0.23805997,0.63507706,0.39710993,0.2916635,0.5510753,0.7383424,-0.38960359,-0.6712403,-0.46365276,-0.20312849,-0.27341363,0.18943554,-1.0268172,-0.6302952,-0.98595893,-0.59230953,-0.65830183,0.14986704,-0.5338741,0.035099924,0.21562238,0.5282922,-0.22398533,0.05937479,-0.32960016,-0.33873475,-0.1077965,0.027208794,-0.45775947,0.6539193,-0.3891625,0.008672082,-0.023775918,-0.42487407,0.16785352,-0.41543698,-0.35763043,-0.7019714,0.20642772,-0.055864252,-1.0791758,0.12112862,0.0634996,-0.21931991,-0.4902094,-0.08554907,0.32630232,0.27235088,0.45981318,0.7501205,0.42669293,0.21896057,0.18137985,0.0064382576,0.015078801,-0.6049628,-1.4715954,-1.1486278,-1.6759496,0.29948258,0.08084848,-1.2445805,-1.1993796,-0.23210947,-0.28716233,0.6320476,-0.26293847,-0.3005836,-0.73763746,-0.41758722,-0.21509364,0.033536065,-1.6029676,-0.6307436,-0.3499626,0.17099684,0.17965078,-0.7389988,-0.56382245,0.025477415,0.45010528,-0.05510643,-0.25400642,0.34423015,0.51432955,0.18191798,0.051711902,0.11158433,0.38364097,-0.046297584,0.4713525,0.18083943,-0.053730655,0.08048595,0.5859077,0.30711833,0.022992644,0.69002676,0.7541668,-0.08422416,0.06827119,-0.4842623,-0.047400225,0.19017215,-0.7676794,-0.8962505,-0.72907484,-0.87604064,-1.4435426,0.14386338,0.038715214,-0.4995596,-0.008862331,0.08099864,0.0022423943,-0.32066858,0.055284142,0.037562992,0.033880938,0.038874894,0.04476127,-0.09504089,-0.16911256,0.2904214,0.11833072,-0.5997783,0.10558599,0.19833063,0.027663445,0.17660488,0.29716563,-0.6997226,0.17745584,0.093583554,-0.033030815,-0.04125531,-0.32965454,-0.6408449,-0.095488794,-0.2558865,0.06102149,-1.1784849,-0.17988047,0.6589506,0.47227928,0.1048869,0.81809485,0.48847517,0.59347975,-0.013104454,0.26849473,0.33157918,0.14524399,0.1011919,0.0485236,0.72318244,0.35089773,0.41276196,0.5157847,0.34693056,0.85381263,0.34844115,0.52725875,0.121546894,0.06953519,0.42981806,-0.25369278,0.49616182,0.29565752,0.25096306,0.2029461,-0.43605423,0.24443322,0.3311917,0.49588135,-0.11423714,-0.63781995,0.33575785,0.695295,0.24933153,-0.14373937,0.49938157,0.43509182,0.15309139,0.42747352,0.62510777,-0.4945346,-0.68348664,-0.6256988,-0.10834511,-0.40681535,0.17157434,-0.925626,-0.5369071,-0.95533854,-0.45655176,-0.7484452,-0.09403211,-0.55128634,0.041728687,-0.0037131477,0.58604,-0.45225015,-0.15606813,-0.6611819,-0.41776758,-0.34169894,-0.044551335,0.02575273,0.6299112,-0.52416676,-0.30148855,-0.15264115,-0.24283715,0.23244157,-0.3935328,-0.32728475,-0.49016148,0.2313838,-0.065788,-0.9990232,0.19973807,0.09465003,-0.18886921,-0.52424586,-0.06395256,0.28408533,0.34584722,0.117019475,0.7934169,0.61220133,0.2781995,0.08923973,0.0032523437,0.018905502,-0.50836015,-1.4757302,-1.0091527,-1.5929902,0.19002636,0.02014684,-1.4841236,-1.7167435,-0.48736513,-0.25436532,0.5638768,-0.38567922,-0.34204403,-0.641215,-0.5055655,-0.42795548,0.0655308,-1.6660109,-0.6283149,-0.4325112,0.15125762,0.15041633,-0.6715259,-0.6482783,-0.084958084,0.6255131,0.3173965,-0.5275406,-0.031390853,0.259482,0.14908369,0.048311364,0.09779294,0.15727474,-0.1539766,0.5318252,0.18881823,-0.11128613,0.07802493,0.4551427,-0.025417035,-0.020001873,0.7011942,0.7879182,-0.14291205,0.057416238,-0.4814748,-0.012541257,-0.013828154,-0.4455156,-1.2838192,-0.6543685,-0.7804647,-1.3547426,-0.13505846,0.08074348,-0.2809605,0.01691483,0.121345416
margulies2016,fcgradient07,fsLR,32k,0.12726425,-0.46251023,0.05902093,-0.013708236,-0.11431601,-0.26183936,-0.252742,-0.024071576,0.018222976,-0.04589319,-0.13906696,-0.50689393,-0.1278059,0.61390364,0.4589702,-0.29636288,-0.40905818,-0.39307258,-0.27238116,-0.40462396,-0.4311898,-0.43127862,-0.3693408,0.40948066,-0.5646678,-0.88043106,0.45203114,-0.21329516,0.8194029,0.52729577,1.0164676,0.11112298,0.731891,0.4838999,0.28586212,0.0739971,0.17926016,0.26924694,0.034819506,-0.07664774,0.14447746,-0.084138095,-0.07107872,0.016685952,0.27743128,0.29775897,-0.56239563,-0.4255186,-0.4328899,0.04321665,-0.17563343,-0.30607516,0.09956576,-0.42500174,-0.04842546,-0.35652792,0.10808278,0.38211304,0.14663492,0.0684944,0.5139363,0.06396573,-0.10668527,0.60882366,0.67025185,0.581066,-0.19596425,0.68333226,-0.3806072,-0.5696575,-0.03659408,0.35825276,-0.060819298,-0.714651,-0.86025596,-0.8098824,-0.20661561,-0.019438593,0.05906591,0.3712049,-0.24535376,0.16339295,0.36190173,0.14671786,0.18170221,0.087677844,-0.5755349,-0.069584094,-0.20613281,-0.54850614,0.18125905,0.19224499,0.011162377,-0.56765455,0.31513456,-0.14787959,0.5797087,0.2749966,0.1264559,0.071928546,-0.17239346,0.2915708,0.3145179,0.29566035,0.041607138,0.13966633,0.18477233,0.003362409,0.092974044,0.08498769,0.018481227,0.06285232,-0.0049905935,0.052898046,-0.31663612,-0.39079553,-0.18973523,0.57925975,0.5598889,0.019680021,0.37202156,0.18746285,-0.4738122,0.26193246,-0.31580418,0.8575296,0.6445242,-0.5296491,-0.8483398,-0.7963904,-0.37892926,0.016399411,0.12682569,-0.06621426,-0.023927728,-0.018931942,0.08629131,-0.12477601,-0.42571592,-0.18926597,-0.00152146,0.26415354,0.29050604,0.39591366,0.5225475,0.06133411,-0.14426489,0.06855402,-0.038731292,-0.103154875,0.61062217,-0.20614344,0.07146749,-0.19901657,1.0086654,-0.45703647,-0.551355,-0.387487,-0.269484,-0.0011112441,0.08915855,0.73768115,-0.2082005,0.6730561,0.79333836,0.2542351,0.20186764,0.17268442,-0.028200682,0.5376489,-0.032681104,-0.8995186,0.32634583,0.37899,0.050055876,-0.23823354,-0.012204943,0.18718955,0.1701636,0.24195787,0.09244458,-0.5218692,0.06382631,-0.045495342,-0.13800944,-0.3061575,-0.28261527,-0.010477341,0.045712035,-0.115820356,-0.08262243,-0.21161786,-0.13527964,0.6952039,0.47713777,-0.28823426,-0.37016618,-0.37878677,-0.30445677,-0.39773846,-0.44066358,-0.43005738,-0.40816262,0.3960657,0.055457555,-0.37429842,0.51784444,-0.039067063,0.72785336,0.60420847,1.0178614,0.21960162,0.699285,0.6400832,0.5259275,0.049699333,0.16938548,0.22044338,0.027140392,-0.023667667,0.1204085,-0.20192735,-0.055965308,0.06401342,0.14059533,0.1406712,-0.57820547,-0.45507404,-0.49541476,-0.05390499,-0.17274545,-0.31086734,0.09359363,-0.4090242,-0.09836412,-0.27498507,0.16501136,0.5333953,0.15615435,0.058944505,0.5255018,0.25086364,0.16134915,0.48266461,0.79234326,0.4965515,0.2588918,0.8123271,-0.08958173,-0.39281392,0.059637308,0.2984455,0.07076136,-0.25668263,-0.581879,-0.5681163,0.060598664,-0.029429395,0.10813983,0.30230597,0.014057227,0.31003827,0.37849283,0.23949702,0.23654863,0.21241464,-0.45036682,0.15131955,0.20603803,-0.12727408,0.24049073,0.19850506,0.13735099,-0.3376795,-0.03516426,-0.1556261,0.63560474,0.37035763,0.13052414,0.0014371404,-0.17549148,0.30078393,0.31114256,0.30927274,0.10432331,0.12448182,0.20072004,0.04840083,0.08693273,0.07444529,0.16346572,0.083285764,0.025356378,-0.010002557,-0.20017825,-0.53868884,-0.3321302,0.68789047,0.5122325,0.013061377,0.31732735,0.3009859,-0.5102317,0.31497043,-0.14558738,0.7498996,0.4509358,-0.4324212,-0.5457372,-0.57286376,-0.21855058,0.038018066,0.22606747,-0.097651534,0.19954291,0.008085178,0.1278122,-0.2485056,-0.34702066,-0.17895317,-0.09175009,0.09118502,0.26546538,0.3953441,0.5160025,0.16779654,-0.29361337,0.04511225,0.12674673,0.15939276,0.51923335,-0.1898734,0.034204464,-0.1823576,0.88437027,-0.4618103,-0.5266053,-0.38643494,-0.26533857,0.011036205,0.33013284,0.67920524,-0.19527878,0.722868,0.7523221,0.30710164,0.21217905,0.2377135,0.06871293,0.4085039,0.08294586,-0.49383625,0.31978175,0.40196663,0.09480736,-0.011441815,0.1411834,0.19159243,0.17420033,0.34489337
margulies2016,fcgradient08,fsLR,32k,-0.09775481,0.010152819,-0.24345733,-0.15003553,-0.07953079,-0.022623023,-0.07364898,-0.03700504,-0.019411627,-0.1748415,-0.0064488743,-0.09552182,-0.1845814,0.09495756,0.022080904,-0.11987433,0.07018931,0.20642385,-0.08302442,-0.020262783,0.021503752,0.056488864,-0.006969226,-0.028178928,-0.10226938,-0.24621382,0.052069012,0.15290771,0.14869782,0.063789666,0.2463674,-0.09412419,0.14740373,0.013441684,-0.03247724,-0.035376605,-0.1914334,-0.16898718,-0.06802542,-0.054127205,-0.17221542,-0.11363036,-0.21575749,-0.17553726,-0.0036663944,0.16299905,0.038908545,0.040119346,0.09554441,0.21035685,0.012751961,-0.012178896,-0.045090564,0.010561378,-0.088897906,-0.06973396,-0.1872921,0.059546452,-0.25049466,-0.30386892,0.11222165,-0.11260739,-0.18627495,0.14617169,0.18391134,0.24271016,-0.21556374,0.10356155,-0.16986392,-0.27643216,-0.123437874,0.018665334,-0.18459706,-0.23012885,-0.22694464,-0.25107038,-0.25170872,-0.08243383,0.11331263,0.152627,0.06353833,0.056734968,-0.008650923,-0.16724001,-0.11767991,-0.11219728,-0.25661668,-0.054611072,-0.25484326,-0.29277673,-0.09908005,-0.019960443,-0.11581272,-0.19273439,0.15785488,0.04065568,0.071813144,-0.09905077,-0.25790823,-0.08911297,-0.03989608,-0.065165915,-0.113865204,-0.01201898,-0.22671285,-0.16343549,0.062257707,-0.27241433,-0.24518688,0.011066759,-0.13586582,-0.093499206,-0.31938618,-0.27008504,-0.08445277,0.07916875,0.1539371,0.20818126,0.119704984,0.009927201,-0.1286047,0.3403158,0.1825501,0.089052014,0.24090782,0.24972892,0.28841093,0.16213346,0.026473818,-0.24486491,0.019250855,-0.08634061,-0.10980334,-0.16484544,0.32772812,0.27747065,0.007442938,0.22892499,0.21636032,0.099667646,0.109115504,-0.077678576,0.1542001,0.004528897,0.053543475,0.18567175,-0.18443489,-0.13733417,-0.2254509,-0.079021744,0.071614966,-0.16316724,-0.17907463,-0.07194796,0.35057026,0.005839073,0.12626399,0.009053964,-0.061476376,-0.10991405,-0.06120128,0.100206465,0.07112688,0.2156135,0.21769425,0.02117568,-0.2086266,-0.03849081,-0.24858162,0.021104876,-0.13831829,-0.041532755,-0.017953852,0.021582315,0.17493294,-0.030158047,-0.23972411,-0.09030755,-0.09738546,-0.060920235,-0.09114701,0.09691574,-0.24630867,-0.13844672,-0.08875597,-0.020012984,-0.055466574,-0.0334742,-0.017463023,-0.14324471,-0.13900533,-0.13638052,-0.17852259,0.11958559,0.023466801,-0.112017065,0.12722418,0.24245964,-0.051545016,-0.026705006,0.011041508,0.034558788,0.010485859,-0.033395626,-0.20843835,-0.24358848,0.08793152,0.09263154,0.14252362,0.08210786,0.24556923,-0.081553094,0.14317079,0.044137683,0.0054094763,-0.027603287,-0.20801972,-0.1936231,-0.0564843,-0.059633076,-0.12682445,-0.0934687,-0.2418705,-0.19037183,-0.011257362,0.14904253,0.035644185,0.01863272,0.037811078,0.1854823,0.017362937,-0.0044793133,-0.037857246,0.03036003,-0.073469125,-0.09302148,-0.18731733,0.1008303,-0.24162212,-0.3095849,0.109814525,-0.064224556,-0.14098121,0.060239505,0.20481153,0.20517759,-0.1460585,0.12501903,-0.11785221,-0.27873915,-0.14714861,-0.038386684,-0.1782533,-0.1914432,-0.17426191,-0.24493207,-0.20287131,-0.02629789,0.16351162,0.16794899,0.11984156,0.08391354,-0.061019335,-0.12404922,-0.12609781,-0.1207006,-0.25935277,0.0011147233,-0.1348738,-0.20173213,-0.06852115,-0.051600527,-0.08184694,-0.12834635,0.17676397,0.06797201,0.07369828,-0.07183109,-0.21890981,-0.10046277,-0.048037224,-0.067590736,-0.12209021,-0.05574572,-0.24247254,-0.17009638,0.046737183,-0.28893653,-0.2499095,0.010783613,-0.13389264,-0.09971413,-0.3011312,-0.26476803,-0.057618964,0.09432432,0.14476265,0.27502003,0.08218821,0.006887217,-0.15134488,0.32223412,0.20441881,0.052015834,0.23918156,0.21222498,0.28162763,0.24557328,0.1840968,-0.13273731,0.08112211,-0.06573312,-0.12339295,-0.12873705,0.43042699,0.20044413,-0.026763983,0.22530364,0.21917865,0.08222953,0.13523301,-0.1213835,0.15288171,0.033063095,0.02833545,0.18944931,-0.114237964,-0.12511228,-0.16210984,0.048935838,-0.022256253,-0.17407048,-0.17654443,-0.0609318,0.3722709,0.020235153,0.1069022,0.013117949,-0.051476225,-0.064144485,-0.031418316,0.06630223,0.12580445,0.23155808,0.17948075,-0.012893005,-0.20848805,-0.05292974,-0.24485695,-0.06256972,-0.17329249,0.22691852,-0.03507742,-0.0007921629,0.16298011,0.13734537,-0.18495823,-0.14980656,-0.150678,0.039202154
margulies2016,fcgradient09,fsLR,32k,0.11833864,-0.12000969,0.3348348,0.1709525,0.044364978,-0.058346566,0.024743851,0.041500002,0.028734209,0.2258918,0.017529026,0.061217874,0.20293725,-0.06289908,0.021203972,0.079589844,-0.17671621,-0.34248048,0.037744265,-0.07911494,-0.14454584,-0.18909079,-0.07096329,0.16869304,0.06782149,0.16218492,0.031464323,-0.18291423,-0.00729983,-0.004315367,-0.15240918,0.0912766,-0.08473509,0.05482927,0.072923295,0.058300953,0.29492024,0.26607752,0.09051754,0.037820738,0.2682733,0.12661955,0.26344275,0.22045267,0.07901132,-0.090202115,-0.20975824,-0.1425315,-0.21579121,-0.18153618,-0.07700913,-0.085526355,0.09808609,-0.15738638,0.094212815,0.0059419926,0.27354306,0.047655992,0.33115834,0.38245296,-0.1142816,0.112141564,0.27506194,-0.16488591,-0.15021549,-0.16820657,0.26346567,-0.021948313,0.1470242,0.26455036,0.13404627,0.021310456,0.29568323,0.2031408,0.1650483,0.20157829,0.34658694,0.1447667,-0.0151933655,0.02379344,-0.039151955,0.07891876,0.1775631,0.23524086,0.21645974,0.09326881,0.21656387,0.05822955,0.2939003,0.29533398,0.17706306,0.12227498,0.19728462,0.15103711,-0.021907516,-0.0710019,0.09821263,0.19838335,0.38381138,0.17431201,-0.00087657355,0.18502693,0.24705169,0.12638766,0.31487042,0.26694107,0.018531468,0.32847792,0.32702598,0.01537856,0.1880081,0.08933475,0.40908146,0.35789046,0.03149364,-0.17394206,-0.18766023,-0.1674664,-0.062362723,-0.00977367,0.24464507,-0.343475,-0.26232097,0.002408649,-0.30701905,-0.17121208,-0.22210884,-0.25337526,-0.14006211,0.2015155,-0.06472928,0.11213947,0.2473885,0.27338743,-0.37220642,-0.27437234,0.07968926,-0.26274723,-0.2981579,-0.13206753,-0.119276814,0.15691061,-0.11019483,0.18415229,0.14473285,-0.17388037,0.21238899,0.23024671,0.33058447,0.09236496,0.026299333,0.16096921,0.24780957,0.041088894,-0.2656596,-0.118991084,-0.28712067,-0.10730531,0.019450016,0.13815565,0.08286242,-0.008758859,-0.14191805,-0.17840175,-0.15769672,0.023893017,0.31727663,0.12906623,0.28930306,0.047874987,0.2818034,-0.06840415,0.14037131,0.10687805,-0.14976867,0.0062245396,0.34559262,0.18009539,0.07735428,0.03860239,0.09640693,-0.24138178,0.34109,0.14533433,0.056712776,-0.06898557,-0.003998187,0.04020382,0.03571251,0.16688234,0.17704734,0.15634398,0.19276233,-0.07541493,0.0331314,0.07133378,-0.22941859,-0.38207093,-0.008333383,-0.06774619,-0.12556274,-0.1540399,-0.10460414,0.1725956,0.29112518,0.22478555,-0.00086072314,-0.07510923,0.018264523,-0.00835845,-0.14094473,0.09438182,-0.08583118,0.052099086,0.072612405,0.039947253,0.3161065,0.28913558,0.07250124,0.06177652,0.20133856,0.06835606,0.28955215,0.2511312,0.06287815,-0.1121503,-0.21639822,-0.12779571,-0.1643982,-0.18466409,-0.08330273,-0.097239845,0.08444553,-0.18116353,0.058081888,0.059986494,0.27672344,0.048599966,0.31709847,0.39201635,-0.12190366,0.07304264,0.26515782,-0.062484372,-0.16995299,-0.15957916,0.279089,-0.015015707,0.1348861,0.30699116,0.19344528,0.09459663,0.31116274,0.23563093,0.13886714,0.23299056,0.34765464,0.07825842,-0.095638625,-0.027815184,-0.064416386,0.065641694,0.24699818,0.21131587,0.24049553,0.14654605,0.23022951,0.026979191,0.231128,0.25969028,0.19468524,0.16872303,0.18934543,0.11134674,-0.16371183,-0.105147146,0.1241461,0.18673548,0.34009656,0.16050355,0.0034442735,0.18854165,0.2576377,0.17910902,0.35006925,0.2736098,0.03687571,0.36103967,0.33378413,0.012984307,0.22135714,0.10974682,0.39992315,0.336781,0.035065453,-0.2556667,-0.22658804,-0.23932217,-0.015134818,-0.0068710716,0.26600847,-0.31803048,-0.29836822,0.05819897,-0.2757555,-0.13777517,-0.2553279,-0.3392613,-0.2747604,0.095591664,-0.11228235,0.092041455,0.2882282,0.20693366,-0.46600276,-0.19833842,0.15151334,-0.30117103,-0.28460562,-0.10920222,-0.17755233,0.17997226,-0.1130313,0.14795609,0.17717075,-0.14550675,0.080911286,0.20093097,0.2768089,-0.018885028,0.14658953,0.17964375,0.23638387,0.03135017,-0.30335575,-0.13851641,-0.25724453,-0.110539146,0.009347633,0.08245572,0.08471583,0.042949732,-0.20772319,-0.19024213,-0.11904996,0.06991653,0.3261181,0.16248299,0.30421957,0.15097183,0.2939229,-0.32817078,0.15678173,0.13656786,-0.12955181,-0.16425401,0.29498583,0.24711391,0.15851936,-0.034188315
margulies2016,fcgradient10,fsLR,32k,0.08899878,-0.07248841,0.14578609,0.1338722,0.0798871,-0.013434088,0.03847252,0.21677585,0.20706823,-0.16481149,-0.21968563,0.06579261,0.09759427,0.18043816,0.2851228,0.00759332,-0.17704885,-0.12696874,-0.0012596345,-0.04726332,-0.08631823,-0.0977026,0.010365608,-0.46970508,0.06608082,0.3904138,0.15473175,-0.08499828,0.07952233,-0.10570844,0.0008027487,0.246412,-0.14703165,-0.14755887,-0.06687157,0.4746468,-0.009365367,0.043344405,0.37142736,0.33496147,-0.057046108,-0.064302,-0.13958786,0.11044569,0.09131212,0.035348278,-0.057209507,-0.18251663,-0.22266062,-0.1557148,0.3014723,0.22480935,0.024586558,0.29591843,0.28939256,-0.35174203,-0.11075986,-0.0056376783,-0.06834208,-0.13682918,0.095433384,0.1575856,0.12307794,0.19984524,-0.067933105,-0.07776858,-0.06840426,-0.13822751,0.21971834,0.124847576,0.03428736,-0.105820164,-0.014041333,0.39325848,0.3879535,0.32955334,-0.16836768,-0.12434552,0.049449332,-0.031871032,0.13644609,0.096378565,0.11879831,0.2211985,0.19763036,0.4165582,0.27205357,0.04138903,0.09913885,0.14763276,0.29861853,0.0484624,-0.038708217,0.3874052,-0.009831937,-0.09289918,-0.014616684,-0.104905635,-0.52087903,-0.6292275,-0.0334519,-0.28438422,-0.43558624,-0.4162727,-0.37440026,-0.45927837,-0.59729767,0.07062583,0.03150357,-0.085639484,0.3617425,0.2980607,-0.38384455,-0.32449108,-0.36716634,-0.26374444,-0.1762314,-0.04988279,0.006630251,7.584129e-05,0.1346505,-0.11000221,-0.12018111,-0.59472847,-0.29474786,0.041793596,0.06890966,0.07282871,0.25009754,0.30766404,0.14518398,-0.043232217,-0.18014643,0.023549203,0.043313917,-0.1989158,0.084882565,-0.20945996,-0.13080612,-0.08947975,0.04285485,0.16631156,0.041455682,0.100922816,-0.13268234,-0.089568816,-0.38188538,0.13506661,-0.014665659,0.08449095,-0.14020884,0.05799943,0.17379634,0.03469541,0.017740333,-0.059415128,-0.28484732,-0.092395596,0.024484295,0.12467224,0.052956797,0.025927452,-0.048347536,-0.04130901,-0.14251816,0.12315672,-0.23624283,-0.46445447,0.15265192,-0.020187804,0.041192327,0.32225612,-0.52476734,-0.5293948,-0.5385283,0.18861945,-0.22501567,-0.3589385,0.34004927,0.2898555,0.09280757,-0.13413097,0.14707361,0.12059039,0.06560705,-0.024488294,0.015352999,0.24549523,0.21431403,-0.15956694,-0.123591006,0.019640015,0.09659862,0.20439917,0.30655062,0.0023550664,-0.20552355,-0.11825748,-0.033423826,-0.050246224,-0.06605823,-0.08372483,-0.002160601,-0.45192817,-0.2394466,0.32667363,0.18418877,-0.38214594,0.18469228,-0.060831826,0.05234431,0.32175428,-0.082188,-0.12875584,-0.07566437,0.4995575,-0.0044991095,0.022766843,0.40962043,0.34444717,0.10859849,-0.07676561,-0.15265428,0.02902582,0.00723829,-0.025180312,0.0034782942,-0.1694559,-0.18791261,-0.1574276,0.3291862,0.24160662,0.080672316,0.3787762,0.29885438,-0.3644408,-0.07162945,0.08309914,-0.051033914,-0.14491163,0.18911107,0.40791708,0.32581192,0.33644718,0.0168437,0.03992096,-0.029089455,-0.0688647,0.18052365,0.19247772,0.07912311,-0.024286116,0.16727637,0.48217157,0.490476,0.4332923,-0.046031807,-0.10137216,0.054149035,0.005847128,0.2110744,0.067991994,0.12632044,0.34166956,0.29195437,0.41131833,0.48884395,0.020755125,0.20647603,0.24088125,0.2780175,0.25613356,0.110713355,0.40120366,-0.12797841,-0.100359924,0.13627903,0.25886884,-0.5256077,-0.5254343,0.08221503,-0.23274422,-0.4268219,-0.31637287,-0.34456953,-0.48263863,-0.542288,-0.003193387,0.018028116,-0.10163218,0.4297865,0.26256695,-0.42374995,-0.35692158,-0.3659612,-0.17272654,-0.23963667,-0.00826955,0.02536508,0.0007320308,0.15055394,-0.12140692,-0.022256913,-0.5719849,-0.39195618,0.06637666,0.030928021,-0.006269406,-0.057314545,0.41064298,0.15691136,0.036281876,-0.07609637,0.17592815,-0.015925575,-0.0020839584,0.17515376,-0.23418711,-0.20673348,0.035439894,0.012666306,0.12334037,0.0358099,0.2094664,-0.017859124,-0.058836408,-0.3781606,-0.08063806,0.26010996,0.14031072,-0.11387418,0.0654586,0.15974106,0.03664989,0.058401596,-0.034391545,-0.27665836,-0.09784589,0.03093907,0.101447105,0.08687379,0.27014956,-0.07288666,-0.03329676,-0.098442696,0.19223262,-0.3047143,-0.3952297,0.24784744,0.14843842,0.30730754,0.12877409,-0.482348,-0.49745014,-0.51017356,0.20845097,-0.08307661,-0.29929763,0.36895868,0.1612188
mueller2013,intersubjvar,fsLR,164k,0.55354375,0.6392304,0.60662377,0.55989033,0.568503,0.57235295,0.5755926,0.56571424,0.560478,0.62789786,0.6237533,0.627426,0.57711524,0.57529795,0.608701,0.5903054,0.60710514,0.60701793,0.59873116,0.5908011,0.58543307,0.5785049,0.61035895,0.59327763,0.65120864,0.63700575,0.6164781,0.647757,0.58681005,0.5883793,0.576223,0.6190055,0.5894453,0.5893018,0.59368974,0.5791113,0.63464904,0.6388479,0.58507293,0.5686671,0.58488476,0.5848365,0.5978835,0.60635036,0.59941846,0.58899033,0.5928113,0.6184836,0.59204286,0.61750734,0.5642129,0.58336407,0.559471,0.57712764,0.56629276,0.5778698,0.61698693,0.550343,0.60915387,0.60809153,0.60251445,0.6299876,0.6285524,0.6027789,0.6142792,0.65652305,0.6268774,0.6340295,0.62551516,0.6282354,0.6338773,0.61243033,0.67491466,0.6563019,0.63553435,0.6324507,0.61077565,0.60971904,0.66150886,0.64886105,0.6646479,0.6497141,0.6763312,0.6555105,0.6423322,0.67144835,0.6374479,0.6203295,0.61361104,0.6192054,0.64496326,0.6264122,0.62148184,0.605833,0.64913803,0.59623325,0.6199204,0.62415886,0.5884221,0.58599186,0.58652145,0.5735373,0.59955573,0.58135384,0.61075175,0.6079105,0.6050139,0.6286084,0.6070297,0.28524742,0.6110923,0.5546362,0.6009234,0.61384887,0.59411806,0.6151134,0.63275963,0.52226365,0.41007182,0.014708775,0.55491114,0.569055,0.6042558,0.5877563,0.6083245,0.5678379,0.56699884,0.6223489,0.6402624,0.6419623,0.60484743,0.62109,0.636249,0.60412085,0.58692676,0.6135526,0.65956295,0.6006858,0.67400527,0.69550616,0.64644825,0.60671484,0.6349263,0.62221724,0.642898,0.6444432,0.61312866,0.66696066,0.6197451,0.6783896,0.66247535,0.59974724,0.5661401,0.56868726,0.57093906,0.5913254,0.61719215,0.5887625,0.59469324,0.5730851,0.5926954,0.59812874,0.5759624,0.62596196,0.6223797,0.6121406,0.6120301,0.5775647,0.63763314,0.6386257,0.6324683,0.5947051,0.5994921,0.5820711,0.59851646,0.6329061,0.616647,0.6164637,0.63052917,0.59990066,0.55120474,0.65904474,0.5978236,0.5609037,0.56818706,0.5761566,0.57333934,0.56506276,0.5619919,0.64403987,0.64122564,0.63061905,0.5745849,0.5902499,0.6107909,0.59360677,0.6146112,0.6037654,0.60701215,0.59423786,0.5891868,0.5866857,0.62450904,0.61580855,0.6654141,0.62549233,0.6471597,0.660451,0.62064236,0.6022321,0.57621706,0.6267563,0.58621246,0.60397536,0.61515725,0.57098347,0.6071017,0.63255274,0.57038426,0.5728418,0.5765792,0.57731354,0.5878596,0.61827695,0.60826164,0.603853,0.59033966,0.6023556,0.58623236,0.617189,0.56529903,0.5787729,0.5604192,0.56996566,0.56150526,0.5839194,0.60938585,0.61722624,0.60678387,0.59896773,0.610346,0.61727047,0.6182826,0.5851288,0.60763,0.6245156,0.6281565,0.62726307,0.6130773,0.6328683,0.6370845,0.59303814,0.68970275,0.6645656,0.6483864,0.619665,0.6174041,0.633927,0.70824534,0.70827365,0.6643551,0.6526115,0.67210096,0.65501755,0.6398384,0.6657494,0.6329014,0.6090623,0.61762375,0.60199195,0.6174555,0.60958666,0.6052595,0.5975897,0.6335814,0.6066185,0.62217176,0.636425,0.5954896,0.5918437,0.5731321,0.58348125,0.6243801,0.5816831,0.5903089,0.6100285,0.626795,0.6315341,0.6112273,0.22797684,0.60420954,0.49863318,0.6118259,0.6116425,0.5929601,0.60340565,0.62768376,0.5160958,0.41812637,0.010276481,0.56311643,0.5824522,0.62075335,0.59742904,0.61923325,0.58890027,0.5928382,0.63627625,0.6446298,0.65655416,0.6029425,0.62719464,0.631476,0.6000724,0.5913684,0.6093338,0.6638339,0.5998931,0.64721847,0.6900753,0.6621308,0.5997137,0.64276505,0.64128786,0.62975544,0.64059585,0.61453646,0.6556311,0.6419276,0.66266584,0.6451068,0.5879301,0.57315147,0.56679827,0.59924436,0.59286135,0.6217635,0.59974426,0.6000152,0.5839764,0.6214745,0.63105303,0.58051544,0.6187632,0.61486644,0.6058002,0.6287709,0.587362,0.6415441,0.62969786,0.64264905,0.5851985,0.62084925,0.5971075,0.60601634,0.6459886,0.61743134,0.6353439,0.61667085,0.50025755
naganawa2020,lsn3172176,MNI152,1mm,4.1634765,3.163896,3.8742788,3.7019281,3.904885,3.940207,3.604041,2.8721533,3.2187152,3.0710046,2.8975801,3.839649,3.9624043,1.8220698,4.393657,4.2055287,3.6915271,3.5824692,3.219546,4.3348355,4.2652125,4.0454316,4.2527833,3.6894662,4.4388466,3.5778167,4.7027617,4.824983,4.454105,4.813969,3.9687414,4.0884776,3.8277392,4.1751585,4.0930037,3.6352975,3.749548,3.315679,3.6636288,4.1952686,3.537145,3.673644,3.7932339,3.4220543,4.1859508,4.1168694,4.119437,3.7661502,4.1459904,3.570906,4.036674,3.609174,2.1674585,3.229047,2.8693867,4.3764315,4.2757096,2.7391512,3.7748158,3.6611648,3.8535943,4.1831193,4.049769,4.355296,4.498563,3.0468009,3.8054588,2.3913288,4.2262692,3.5778337,3.4444854,4.1748276,3.028392,3.8681917,3.6857326,3.7473106,4.06412,3.524645,2.2071044,1.3914802,2.4604154,2.8213854,3.4872563,3.809431,4.2341204,3.1854405,3.7009342,4.4419804,3.5483336,3.9263792,2.5456805,2.6866815,3.9607787,3.8135374,3.577056,2.2440546,3.7190247,3.7613554,4.0436482,4.3276844,4.028387,2.974429,2.9712133,2.0548782,3.7940829,4.618327,4.0839276,3.9256778,4.47545,2.122011,3.0102777,3.5529613,4.549172,3.7297554,3.57041,3.3626134,3.485589,1.2060512,0.69817764,0.76104426,3.3284714,3.6245074,3.7763076,3.5667121,4.238686,1.837366,4.1781178,3.7674248,3.3010752,3.3049746,3.6154022,4.367308,3.8520746,3.5865853,3.8654716,3.8326058,4.519462,3.483745,3.2058668,4.06358,4.0513577,4.2245436,4.7171764,3.7201831,4.3208222,3.8706386,4.5566144,4.4642487,4.6477995,3.5210302,4.6663866,4.359627,2.9892704,4.3454523,3.9241867,3.9641843,3.680836,4.252055,4.462848,4.0160174,4.4421372,4.973899,2.790881,3.788119,4.1567297,3.980788,4.3817706,3.4670587,2.8942475,3.3941638,3.4627326,4.2447023,3.9668188,2.0672927,4.5190187,3.7768967,3.8800247,3.677993,3.9327157,3.8423877,4.2000833,3.5435636,3.8264518,3.9760382,4.1661725,4.1340575,3.8546586,2.67932,3.2026308,3.7098973,3.7543652,4.076824,4.134828,1.7906419,4.14378,4.709578,3.7380602,3.973595,3.361305,3.616708,4.646254,4.614151,4.27343,4.191292,4.928822,3.5765142,4.647936,4.517678,4.2870245,4.648885,3.4499133,3.8871696,3.3402457,4.0135994,3.2995071,3.4785314,3.7513008,3.1096003,3.5287957,4.0075316,3.466504,3.657583,3.6826243,3.6085966,4.0180583,4.2789645,4.0176754,3.9807847,4.041821,3.9828115,3.8936503,3.3094082,2.1270657,3.336506,2.9499753,4.599383,4.1087074,2.4356606,3.8993874,3.4160109,3.6254601,3.8591022,4.097159,3.9653845,4.500049,3.2171493,4.2633023,3.515126,4.169591,3.745645,3.797713,4.169576,3.3738766,4.1928716,4.1739087,4.320959,4.3776293,3.8393319,2.7382076,2.1509025,3.6067615,3.6055572,4.6137366,4.351616,4.7918887,4.0258584,4.258466,4.4966016,3.9927359,4.0487323,3.2003832,3.0104778,3.9588351,4.1080313,3.9220634,2.5659256,3.7971847,3.9961092,4.2691317,4.4994187,4.480494,3.2803998,3.523928,3.3768148,3.237616,4.923804,4.1807895,4.440976,5.149222,1.8885996,3.8056278,3.6232307,4.789904,4.174767,3.9511473,4.093836,3.1559334,1.3086749,0.97681534,0.762575,2.6606276,3.4896019,3.9953127,4.7759075,4.561958,2.2341948,3.914193,4.178064,2.5859454,3.8112636,3.8274662,4.5010977,4.5804844,4.0471883,4.116892,3.8572412,4.72627,4.19761,2.9788833,4.741952,3.7753847,3.6908417,4.9453206,3.9145353,4.228533,3.8237839,4.5630283,4.309488,4.5216947,4.13941,4.8470454,4.615031,3.5160403,3.7577925,3.8496275,4.616997,4.1875434,4.3455358,4.792066,3.5047212,3.8843055,4.7021337,3.4897559,3.7703624,3.7442524,4.388198,4.971869,3.9615319,3.6915443,4.442046,4.015113,4.628593,4.177183,4.077797,4.6508155,3.6023505,4.3946247,4.0122023,3.8434436,3.1535633
neurosynth,cogpc1,MNI152,2mm,0.00039046915,0.0039712745,0.000113587026,-0.00026716647,0.00019920623,0.00021191023,0.0009837667,0.0033622622,0.0032161057,0.004170991,0.0032675855,0.0025275548,0.00097283965,-0.0025191414,-0.002027013,0.0022169873,0.0018020674,-0.00049394206,0.0012939121,0.00071120274,0.0011188248,0.0001640765,0.0035069252,0.0022253136,0.0013379626,0.00012887742,-0.0005388194,0.00018392806,-0.00052678725,-0.0033589643,-0.003348446,-0.0015477159,-0.0044485824,-0.0030333963,-0.0035841404,0.0014971385,0.0002693283,-0.00019586063,0.002238453,0.0032468864,0.0028235493,0.0026430641,0.0054188506,0.0022683505,0.0014667999,0.0017416574,0.0054080393,0.0039500683,0.004899768,0.0018731806,0.0029089407,0.0038535886,0.0020410924,0.0051841727,0.003083069,0.005438596,0.0008137693,-0.0007606623,0.00026575505,0.0020455362,-0.00297421,-0.0026645476,-0.0021276101,-0.0038768544,-0.004142726,-0.0025975227,-0.0023111803,-0.0019671768,-0.0029149828,-0.0019751857,-0.00264918,-0.0026971488,-0.0015830414,-0.00036057344,-0.0025604041,-0.0029417283,-0.002150389,0.002930434,-0.00058084505,0.00021278496,-0.0020992225,-0.0014690697,-0.00040047595,-0.0001251046,-0.0017701627,-0.0008196039,-0.002499925,-0.0026192055,-0.0012626284,-0.0013100244,-0.0012285167,-0.002440267,-0.0016928152,-0.0031002199,0.00074679527,0.0044666557,0.00069262175,-0.0007957139,0.0030195175,0.0018680999,0.0029710738,0.0009660016,0.00022771416,0.0020874022,0.003992484,-1.3677292e-06,0.000498365,0.0011117463,0.0007535166,-0.00033166746,-0.0020685012,-0.0017970686,0.0036222348,0.00068203616,0.0010512061,0.003615026,0.0039758063,-0.002451854,-0.0016200963,0.0013560134,-0.0014019737,-0.0024506939,-0.00034632126,0.0034697019,0.0009772306,-0.0033350033,-0.0034707407,-0.0006726642,0.00017970549,-0.0013660768,-0.0019415058,-0.002641246,-0.0022388857,-0.0012742162,-0.0018713466,-0.0011099009,0.00073608017,0.0005692521,0.0011966452,0.0008551927,-0.0005744729,0.0002184195,-0.00091614545,0.0004774978,-0.000709288,0.0006145732,0.0035545803,0.0023589614,-0.001631177,-0.0023063226,-0.0025491153,0.0018672715,-0.00050198054,0.00044984292,-0.0048850877,0.0030028964,0.0040814043,0.00037894977,0.00088646257,-8.974353e-05,-0.003027586,-0.0024407688,-0.0005788492,-0.0023798433,-0.0026386655,-0.0022721477,-0.0006605836,8.6330605e-05,-1.8544273e-05,-0.0014493106,-0.0013322326,-0.0014778612,0.0007656992,0.0021872146,0.0020531788,-0.0016123767,-0.0018299405,-0.0010190455,-0.0011877776,-0.0015207037,-6.790896e-06,0.0037702953,0.000263864,-0.00011197716,0.00011118046,0.00018969545,0.00041276013,0.0024451632,0.002345911,0.004035004,0.0035642844,0.0039114296,0.0005815986,-0.0020788917,-0.001057681,0.0018038978,0.0010075701,-0.0013078569,0.0004840263,0.0011140091,0.0016934195,0.00015140284,0.0031668453,0.0016388049,0.0031528051,0.0021433416,-0.000269217,0.0029742331,0.00015493522,-0.0024627687,-0.002704521,-0.0011631025,-0.0023992928,-0.0022228619,-0.0022568007,0.0013146362,6.813959e-05,-0.00022760249,0.0013015391,0.0016489816,0.0025667439,0.0026819308,0.0055144234,0.0024756072,0.0025049218,0.002853994,0.004359004,0.004096723,0.004408196,0.0027699599,0.0025411262,0.0027750628,0.0018370037,0.0035969524,0.003008934,0.004017404,0.0007938473,-0.00019532358,0.0005643387,0.0027609183,-0.0030458919,-0.0018972284,-0.00019273027,-0.002519192,-0.0029265792,-0.0031972788,-0.0010657968,-0.0019605353,-0.0019327166,-0.00083724904,-0.0013212071,-0.0020352302,-0.00046266412,0.0009642273,-0.0012828489,-0.0019102124,-0.0013707312,0.0028777774,-0.00046509152,0.00042785352,-0.0013644861,-0.001021636,-0.00090207474,0.00039051843,-0.0008168848,-0.0005874249,-0.0012916883,-0.0024243079,-0.0012248164,-0.001058947,-0.001628029,-0.0022007981,-0.0014564281,-0.0026422672,0.003311702,0.0037838235,0.00012540404,-0.000628324,0.0018446672,0.0018538648,0.0021435437,-0.00020511843,-0.0003479674,0.0016825602,0.002911215,0.00027983903,0.00043934077,0.001600974,0.00077847484,2.795406e-05,-0.0022374701,-0.0007518144,0.002576667,0.00031153506,0.0012065604,0.003246114,0.004539113,-0.0021972829,-0.0017181505,0.0013823358,-0.0020509108,-0.002182207,-0.000887228,0.0025468215,0.0015253756,-0.0037815934,-0.00347005,-0.0007405931,0.0008786413,0.00026884445,-0.00200011,-0.0023414746,-0.001140746,-0.0010846581,-0.002091364,-0.0008777786,0.00034712697,6.20017e-05,0.0017188486,0.0013915786,0.0005862226,0.00041523573,-0.0008781196,0.0025206741,5.6310928e-05,0.00029942277,0.0032053397,0.0023563034,0.0004993081,-0.0011749613,-0.0016504298,0.0018699027,-0.0008166693,-0.00070429203,-0.004069212,0.0031434179,0.00335766,0.00040565582,0.0007194243,-0.0020157576,-0.0026097894,-0.0018102999,-0.0014922576,-0.0025682515,-0.0021782327,-0.002199319,-7.7633435e-05,7.658453e-05,8.9408306e-05,-0.0013805468,0.00023508482,-0.0010080633,0.00025624473,0.0028130668,0.0021074174,-0.0020487965,-0.0009031659,-0.0010242373,-0.0001719469,-0.0012153378
norgaard2021,flumazenil,MNI152,1mm,902.50476,635.7161,549.52826,818.2839,790.5435,763.4797,874.48804,620.13544,518.95605,496.514,682.7976,589.65594,674.49817,442.7282,795.663,729.09674,726.06824,787.7955,648.588,720.0736,783.2682,874.75433,709.4163,922.78784,593.40204,677.1163,661.0162,636.89087,614.25977,719.43164,649.92487,131.47781,531.6214,478.37012,487.45502,613.9357,362.79718,282.80548,631.7866,486.1735,376.68365,675.217,666.9513,663.43976,494.85043,632.1573,685.5719,564.05707,606.32556,494.5884,669.3235,546.63794,586.5742,682.4862,654.9508,687.99084,164.38058,293.4554,317.9063,265.3937,379.49973,555.7434,643.535,539.64905,399.37735,566.43054,704.814,553.8186,637.8861,748.8253,619.9176,599.3986,640.8264,605.3209,453.02325,682.5906,660.4526,787.3398,472.90405,730.34906,543.43335,601.64655,625.8589,589.5421,623.9705,730.915,682.4438,499.13806,637.94885,715.4721,476.5208,595.8779,569.4092,551.48346,543.6164,534.3332,732.1475,762.6834,570.04236,583.479,614.0239,481.9459,462.569,433.0584,672.3881,743.2369,568.89777,415.0885,704.1176,403.05865,513.5892,580.6309,239.81133,343.72705,250.11122,557.5168,450.62747,199.19672,207.22194,241.94711,645.755,418.9426,618.97327,833.6162,701.0739,450.95932,489.29956,652.06384,283.29007,506.91757,492.76196,676.5158,686.36426,631.99286,644.82825,810.8455,773.32916,769.62866,529.0023,632.0761,661.79706,541.55664,743.8048,482.09854,687.1931,453.93723,538.7693,580.2926,691.32904,409.80225,644.08954,756.9242,854.44745,869.04065,778.3003,799.8445,767.99744,753.3018,776.4775,841.6961,440.41373,591.59467,767.92346,541.94617,608.76886,202.11685,661.70154,751.0048,451.2469,688.0899,652.573,554.928,592.2157,792.5742,787.7276,652.4358,682.77106,256.36914,529.9677,403.1159,914.7444,563.25226,674.83984,835.57025,772.48413,747.5263,818.08606,631.5088,476.48166,531.21625,755.5187,649.3346,644.7877,408.4505,685.3593,494.74484,676.7681,765.50934,514.1406,652.2099,801.259,817.3706,791.84265,781.24994,681.2062,650.984,688.90356,503.79395,742.33636,681.0835,779.968,245.01372,760.378,318.31348,432.47937,584.896,290.43988,484.1165,449.674,614.24725,228.82243,609.322,539.3674,729.8708,594.70386,588.9139,634.33826,528.001,670.54297,613.70807,601.47156,408.9018,567.51074,560.276,641.7131,633.9546,460.61603,225.78564,261.24582,529.93036,249.50786,453.6826,691.66956,310.81586,363.48752,687.98145,681.36426,501.99307,475.83545,695.2612,548.72546,592.41736,612.26117,710.3603,570.16705,607.074,622.02997,567.935,578.18976,643.3206,748.1111,523.9644,632.80774,730.57794,692.09485,611.7219,801.07153,477.95953,768.01245,714.81854,598.81885,593.6813,620.9571,663.81934,407.76782,507.6749,688.8311,607.7535,537.13513,640.6272,682.32275,474.14697,398.9352,408.0479,590.50165,741.1008,514.7773,550.1399,641.51227,361.1032,586.10297,651.28,492.26868,489.53595,561.50146,395.789,611.4902,180.56354,224.91637,240.88017,639.71204,238.82863,619.18713,831.06744,605.17346,438.8196,300.87732,677.2358,593.39935,422.55573,465.1047,533.07684,632.45734,499.31186,505.5541,319.2241,738.3334,580.07196,408.52475,792.7069,640.679,438.16037,621.99133,544.02814,535.41156,281.3367,707.775,580.5302,622.2122,550.4569,657.1217,611.4818,813.43304,426.9824,605.6221,823.62024,657.6049,683.5117,804.80255,849.4862,548.94366,717.7347,600.2915,310.14294,381.6994,294.01743,753.9752,692.2091,377.70526,668.9394,743.8465,568.86127,315.32208,791.0063,682.13824,413.91977,585.7975,211.51718,252.2548,222.40462
norgaard2021,flumazenil,fsaverage,164k,1062.3898,897.8477,861.2524,956.46765,913.98737,925.50336,929.91284,746.9538,795.5395,861.93585,940.8126,905.86115,858.41724,784.83765,910.5999,873.7754,858.881,912.08514,881.565,930.9587,923.3861,924.2279,913.7219,966.63434,934.9023,897.9934,863.3714,999.4983,874.5903,944.4251,951.40375,922.5971,964.08954,961.0369,919.2266,742.6856,788.96484,838.9703,754.33545,849.42285,842.1608,785.55237,893.5795,851.9949,817.8509,847.74677,797.77185,803.3584,812.8558,800.2736,810.723,778.69,757.40564,796.23,787.6133,904.4344,874.30615,681.8761,857.0527,908.39417,873.97015,923.34174,925.17126,908.4777,908.05524,955.6965,914.6883,875.4138,903.467,897.62854,885.09485,917.6982,923.76587,987.1654,997.87274,953.65857,960.0475,949.11993,904.6616,893.1361,939.51794,947.31555,948.2978,944.03577,966.8283,910.7259,877.32874,936.66797,950.2258,951.82227,950.26953,926.41376,910.90314,939.60846,847.2861,815.2431,882.86444,871.34576,985.2858,979.3441,978.62616,942.1216,807.1174,866.3895,954.03577,860.7911,887.2403,996.6764,926.3777,350.01752,896.65265,832.432,1006.7257,957.6992,949.27966,859.59454,826.19135,623.3896,494.29538,16.080257,912.7496,776.32446,871.8787,929.1901,991.8155,846.09863,846.2375,919.64813,917.5872,861.7854,783.425,904.7494,947.7515,866.51776,847.5897,888.10516,965.38025,909.4899,940.98346,949.89496,920.88086,873.39124,930.3876,851.2927,892.2344,867.07684,938.4776,924.59485,915.1174,912.8781,920.45575,845.47253,966.8404,915.16956,882.32947,928.0015,908.6941,925.2144,925.89655,913.5109,892.5428,972.29987,910.549,876.73804,889.1755,856.5202,808.1315,924.0493,956.2241,920.82,968.00354,812.2375,908.0284,857.95416,981.8458,837.2541,935.33215,736.6223,924.0743,871.737,1058.1902,877.6115,865.63947,951.85876,911.97363,928.72833,939.3451,724.4333,781.7418,846.3868,877.4422,872.5293,860.2589,792.5026,907.44244,869.40845,823.78314,887.51575,856.63794,912.6424,910.5957,913.7239,903.48395,922.4141,912.3044,876.847,857.14014,954.1456,865.75653,947.4889,963.96796,924.1664,938.3879,949.1119,900.8937,737.13416,782.18884,839.13727,752.9229,830.80884,829.9455,777.8312,865.2829,839.2644,804.9396,812.29126,788.1703,787.0098,776.0754,810.0497,799.54877,763.2003,731.8625,775.10504,783.5937,844.4191,849.1912,633.0266,815.20056,862.4783,860.893,909.97107,911.3984,893.3523,899.1366,938.67584,876.071,834.5597,894.76044,882.7775,860.5398,906.28754,879.2882,946.43805,943.6278,941.9116,944.32855,891.3421,868.3184,841.9808,887.1397,894.77,919.8646,901.9894,925.35895,878.443,877.32367,935.6066,928.2387,929.33624,920.91364,890.4005,875.0771,874.4516,798.08246,802.5073,849.071,841.8658,913.7354,952.99426,986.2606,901.7744,762.6415,837.0455,891.721,856.9189,835.81134,954.999,906.70874,251.52779,863.40643,681.43445,951.362,908.2023,918.1184,841.5472,804.9749,603.07294,523.7624,11.096439,896.4476,776.41815,828.6287,929.7448,969.02057,834.8118,831.15686,889.2387,883.88763,840.9122,763.9693,861.55383,907.44965,827.8299,821.62067,864.192,920.7078,887.3073,895.20514,921.19006,879.40515,886.16425,927.4753,834.41974,860.6479,889.9242,884.43256,873.38495,887.5032,890.8155,917.05884,842.65857,958.8248,921.97253,863.1857,906.0212,894.07605,943.46686,922.4217,924.1092,903.4398,956.4896,900.2015,889.9567,893.78485,851.8784,794.4504,882.3724,913.9559,906.3314,913.3796,801.393,853.7821,888.4262,968.0645,795.7058,899.88025,700.23303,893.78876,675.6685
normandin2015,omar,MNI152,1mm,1.1143637,1.151773,1.1710689,1.1443079,1.2146853,1.2425252,1.309181,1.1743065,1.1971127,1.2374468,1.1940373,1.3614664,1.1827277,0.9893138,1.2841575,1.2646297,1.2289165,1.3222865,1.130942,1.3043861,1.2947556,1.3027858,1.2683183,1.1760372,1.4523282,1.2890588,1.3861911,1.5038879,1.3113366,1.3614819,1.1979364,1.355587,1.2577826,1.3005153,1.3139951,1.2552764,1.3166939,1.3125786,1.2717049,1.4052278,1.3867583,1.2859795,1.3199124,1.2906581,1.3211085,1.2695619,1.2877797,1.2329013,1.2888901,1.2228364,1.3600984,1.2566226,1.1216782,1.2982099,1.2178316,1.4851402,1.5227308,1.2595658,1.4898542,1.3825538,1.4818256,1.4350878,1.341383,1.4851439,1.4856251,1.2498296,1.3482022,1.2144523,1.4253409,1.33835,1.3600745,1.4565506,1.2114959,1.3778882,1.3606116,1.3723291,1.4940292,1.3088294,1.0959637,1.0639443,1.1715295,1.2836124,1.3125972,1.4038187,1.514583,1.3542502,1.4294598,1.4363878,1.4363029,1.4199424,1.272055,1.2865599,1.4324263,1.3980278,1.1890388,1.1487029,1.2991313,1.3128012,1.4533713,1.454773,1.303959,1.1381148,1.1870513,1.0235095,1.2966316,1.5384841,1.4414376,1.3780752,1.4934245,1.2756063,1.2472916,1.4640532,1.4693161,1.3269532,1.3040687,1.3096331,1.2054902,1.1030763,1.0009412,1.0817385,1.1430441,1.3806534,1.4355316,1.2257059,1.4019296,1.1652743,1.3847024,1.368495,1.2128303,1.2200457,1.4433087,1.4335334,1.3605597,1.3286936,1.3842025,1.3058101,1.3909184,1.2277027,1.2109144,1.2783135,1.2945855,1.2384168,1.4356221,1.2238764,1.2901424,1.2608656,1.5357997,1.5068873,1.4340287,1.2760377,1.4404415,1.3046272,1.2236803,1.2884609,1.4020407,1.2629424,1.215294,1.2975582,1.3532349,1.2394646,1.3428023,1.477217,1.3584986,1.4583462,1.5121486,1.3958532,1.4187055,1.2471999,1.2171394,1.4257729,1.3726764,1.4789007,1.3057262,1.0538915,1.4627099,1.3159827,1.3431808,1.4452544,1.4132603,1.5131309,1.104269,1.1894479,1.1565202,1.1497445,1.1930543,1.2224753,1.301667,1.1549375,1.1681843,1.2770318,1.2954587,1.3515052,1.1933639,0.9781769,1.2304466,1.2654386,1.1945901,1.3474345,1.1504475,1.2093799,1.2803606,1.3157557,1.2706134,1.2599063,1.4297179,1.2944527,1.3649827,1.3777144,1.2663571,1.3247968,1.1596881,1.329762,1.1900147,1.2809247,1.2061287,1.229202,1.2623605,1.212519,1.2377118,1.3604023,1.3301185,1.2565068,1.3134298,1.2907193,1.2826606,1.2512631,1.2609714,1.2404702,1.2417102,1.2226057,1.2782512,1.1933059,1.1040761,1.2669718,1.2159786,1.4202598,1.4810487,1.2611158,1.4727042,1.3343624,1.4815528,1.4150913,1.3385701,1.4757335,1.5300708,1.2671486,1.371505,1.3169593,1.4051166,1.333333,1.3795981,1.466976,1.2695479,1.3879392,1.359288,1.3670729,1.4427246,1.319836,1.1707913,1.1177846,1.2799648,1.3349267,1.4130908,1.4418024,1.5258535,1.4289846,1.4597296,1.4657106,1.4470304,1.4218689,1.3257588,1.3188866,1.4183091,1.4223921,1.177679,1.1595252,1.2995956,1.3275462,1.4183707,1.4251745,1.2991055,1.1655791,1.2203704,1.1164556,1.2061623,1.5628312,1.4294152,1.4439255,1.5633905,1.2361315,1.3428526,1.447063,1.5052361,1.3919228,1.3759563,1.2964319,1.1631982,1.1307912,1.0651644,1.0803304,1.1148757,1.2887754,1.4094993,1.3410481,1.3980169,1.2278657,1.3804119,1.4268008,1.1490228,1.2327031,1.4229782,1.4530051,1.4045196,1.3762101,1.3839886,1.3365202,1.3812743,1.3241208,1.1603937,1.3496242,1.1878499,1.1783799,1.4026338,1.2128122,1.2689584,1.2624205,1.413672,1.3784966,1.3904574,1.3030704,1.428776,1.2731954,1.2709754,1.2226394,1.41337,1.2815044,1.2661015,1.2904813,1.3256817,1.1919632,1.2749934,1.4339609,1.392445,1.4498744,1.4807732,1.3826715,1.4465923,1.3091716,1.2862961,1.4803191,1.382666,1.4328842,1.3291937,1.2058513,1.3901732,1.3259535,1.4108831,1.4128166,1.4037653,1.3546101
radnakrishnan2018,gsk215083,MNI152,1mm,0.47424912,0.44804,0.48034203,0.39925498,0.42738643,0.46197876,0.43039185,0.3048577,0.32789326,0.41761237,0.3878281,0.49677253,0.42482662,0.04536793,0.5697455,0.4523762,0.45547956,0.4368084,0.3345753,0.52531534,0.565419,0.49702147,0.5506339,0.4395895,0.58617836,0.44019836,0.54801905,0.6344051,0.54947245,0.6522578,0.41563472,0.4380282,0.4295505,0.5181547,0.5627747,0.3045923,0.43073872,0.4169758,0.34085,0.42069048,0.38508707,0.44314986,0.41917506,0.42310616,0.4453478,0.46799684,0.44571543,0.46123934,0.48422077,0.46989384,0.3770352,0.4151725,0.25368443,0.3862545,0.3162785,0.5266476,0.4400196,0.18037444,0.43435705,0.4594341,0.5204756,0.5713033,0.51339346,0.6082574,0.59222597,0.49798012,0.5530852,0.3933513,0.54722536,0.4821175,0.5037477,0.48398465,0.44159168,0.5372096,0.53996575,0.5461151,0.5493048,0.5070859,0.29936275,0.23334,0.35972518,0.43992904,0.50856054,0.5637835,0.60328186,0.49843264,0.54346985,0.4246227,0.51692003,0.44460782,0.3886446,0.38988158,0.34833086,0.48323822,0.40087366,0.3132936,0.48237017,0.5164787,0.5510405,0.528728,0.4977561,0.34477058,0.4076827,0.22921479,0.47938967,0.6706798,0.5172995,0.6136884,0.7427791,0.14460607,0.4720113,0.5000271,0.61558115,0.69979006,0.52050406,0.45203584,0.3883004,-0.14184213,-0.13342586,-0.0677112,0.2927674,0.3161196,0.46244,0.4829735,0.607933,0.055651706,0.4731996,0.53023005,0.45219222,0.454308,0.43334806,0.6571678,0.6249068,0.4858311,0.5038618,0.5083258,0.6462735,0.5038692,0.4574852,0.5671921,0.5485489,0.5346617,0.5253207,0.46018085,0.54098105,0.4567927,0.5553228,0.546297,0.6082021,0.5213557,0.5720697,0.42835456,0.31982702,0.49248683,0.42149267,0.53323245,0.5319187,0.49746165,0.5415747,0.4894381,0.5880735,0.6318817,0.3528186,0.3732374,0.5458377,0.21901573,0.62357754,0.5095347,0.43349877,0.5119055,0.5425009,0.4701989,0.4931181,0.31352636,0.5626069,0.48799226,0.5853263,0.44958204,0.4974967,0.4614121,0.4571231,0.51655835,0.45464283,0.449968,0.48097727,0.48416552,0.4366277,0.2959863,0.32239658,0.43162054,0.50569254,0.48171377,0.4513706,0.045568865,0.5587672,0.5045417,0.46813655,0.5049571,0.41154617,0.46994817,0.47155452,0.4687226,0.5721146,0.4880245,0.49968645,0.47117752,0.5786885,0.48922554,0.55675435,0.6176974,0.37761697,0.37673083,0.3709114,0.48194343,0.3952681,0.35956746,0.3475748,0.2915639,0.36508924,0.3766764,0.28609726,0.4126157,0.4191226,0.4481908,0.49330792,0.5084811,0.43360046,0.4533944,0.48222157,0.49621034,0.29732692,0.364943,0.24464442,0.36146116,0.3385877,0.4056745,0.39139614,0.15978786,0.40856186,0.33232567,0.48132658,0.50248545,0.5170317,0.5364502,0.57156366,0.44404683,0.5187068,0.5288612,0.5215431,0.49559426,0.53138906,0.4524735,0.50697654,0.56579095,0.5454577,0.49237376,0.4620246,0.52255535,0.38334727,0.34042123,0.5176328,0.5339856,0.54909647,0.6031367,0.57311136,0.570966,0.521895,0.4392226,0.5186941,0.40243024,0.40513822,0.36315376,0.3046501,0.43611303,0.42322293,0.3310633,0.51633966,0.50969267,0.5116814,0.47229767,0.4918759,0.4122888,0.40514815,0.38371032,0.43519053,0.5803573,0.45788231,0.57933635,0.6696983,0.080017045,0.539224,0.4026679,0.5821607,0.5768934,0.52220994,0.4706232,0.3652366,-0.08788262,-0.024574213,-0.0674519,0.22418082,0.27392063,0.41740435,0.5397778,0.52447695,0.21590088,0.47314587,0.5729564,0.37376195,0.4564813,0.4231188,0.5263867,0.6053506,0.49591488,0.5279475,0.47951427,0.61226857,0.58671445,0.43201903,0.62142575,0.50987947,0.41843188,0.4601412,0.45022696,0.5374941,0.5046139,0.51302814,0.42488658,0.57470924,0.57533216,0.57858884,0.3973617,0.4113494,0.39647725,0.4872249,0.48564893,0.5906154,0.5251617,0.49823225,0.3433798,0.4750423,0.605175,0.44136465,0.39492595,0.44297606,0.2147742,0.55982673,0.52603066,0.48672816,0.5105877,0.5734477,0.45873663,0.45457047,0.4584637,0.40458497,0.50585675,0.5334999,0.39853,0.45031,0.25727752
raichle,cbf,fsLR,164k,6620.3955,5650.4297,6091.255,6371.263,5912.4287,5747.529,6054.663,6139.4907,6320.9956,6276.0312,6222.869,6026.6274,5790.8735,6235.8394,6699.294,5946.3384,5998.58,5752.1685,5694.918,5259.633,5248.332,5644.154,5630.796,6747.1675,5831.1187,6081.346,6348.0825,5767.81,6616.742,6785.5024,6188.5864,6714.673,6589.915,6728.378,6320.0234,6247.5947,5678.1025,5901.869,5632.7744,6092.196,5953.6367,5599.6743,6452.2915,5999.7305,6085.4644,6170.618,5601.1245,6023.2324,5570.823,6083.721,5573.5884,5812.338,6262.1167,5826.685,5891.246,5519.099,6317.2817,5459.335,6291.939,6172.801,6237.8887,6134.3833,6439.689,6205.7793,6374.5566,6304.1255,6083.118,6174.464,5978.4536,5624.093,5742.262,5843.679,6398.5874,6368.677,6153.0474,6108.1616,5788.529,6341.444,6367.2344,6394.406,6475.319,6295.394,6245.819,6152.984,6267.901,6302.9434,5766.655,6069.859,6061.9614,5626.862,5816.292,5951.142,5910.888,6179.1963,6348.9756,6017.002,6275.7227,6044.4995,6178.7646,5897.969,6118.395,5949.2583,6051.934,6033.7227,6305.929,5967.9043,5468.194,6249.293,6357.81,2602.5205,6195.9414,5651.901,6420.446,5930.0605,5748.02,5738.354,5937.9956,4503.546,4153.7056,127.47848,5655.938,4786.372,4942.271,6162.4595,5530.8623,5784.3335,5304.7773,5272.137,5563.238,5543.419,4749.665,5221.1562,5476.0596,5359.7266,5268.3955,5565.439,5624.052,5505.6533,5749.5034,5858.932,5725.555,5927.548,5329.176,6292.4834,6148.791,5708.286,5798.184,5845.079,6013.2407,5888.3906,5753.496,5729.318,5861.1377,5571.8394,5493.1245,5387.7437,5560.048,5513.497,5362.6733,5275.9863,6136.272,6579.4893,5950.246,6016.68,6269.5854,5958.701,5776.45,5788.1826,6033.8057,6026.9326,6269.337,4781.524,6206.5156,6301.122,5660.8364,5221.811,5433.946,5178.853,6186.138,6083.012,6608.036,5707.655,6287.9956,6287.9155,6002.865,5718.3745,6260.9927,6307.074,6517.1113,6442.116,6531.1313,6346.1733,5975.438,6271.8643,6782.1294,5847.535,6036.863,5794.668,5654.144,5474.0044,5187.4717,5738.5186,5653.2095,6805.019,6137.6714,6226.783,6549.847,5840.43,6617.0317,6771.0854,6159.0737,6628.235,6522.642,6781.661,6313.481,6351.55,6013.951,6019.872,5769.6123,6121.5107,5826.218,5694.843,6427.949,6154.2563,6077.5444,6094.6724,5834.6147,6259.4517,5812.89,6067.31,5812.2026,5978.1377,6420.7036,5989.718,6177.1562,5693.404,6181.045,5765.5283,6222.5283,6160.497,6428.9937,6167.434,6546.481,6015.9526,6327.2563,6318.901,6235.052,6298.674,5963.5146,5932.003,6022.605,5819.062,6573.581,6489.202,6258.647,6254.1157,5819.2515,6549.659,6547.5522,6542.963,6524.0156,6320.156,6288.8623,6376.1396,6506.4614,6408.92,6026.887,5993.792,6367.326,5595.1416,5895.7324,6228.3037,6018.4536,6137.127,6194.726,6202.527,6329.9053,6331.885,6205.9707,5916.7188,6373.417,6111.7734,6266.84,6149.235,6525.655,6283.6055,5697.4043,6406.723,6569.2065,2088.9226,6330.6064,5335.9517,6591.4336,6074.227,5871.5146,5896.208,6041.8716,4639.9478,3996.1868,96.703026,5615.2065,4844.602,5084.3647,6614.707,5586.128,5750.603,5152.757,5451.863,5623.5303,5656.611,4846.5137,5049.2905,5567.9097,5285.9624,4964.1904,5283.4365,5591.9985,5437.426,5767.0947,5919.122,5806.562,5919.688,5445.541,6295.2046,6227.5327,5906.726,5985.2285,5959.802,6118.6494,5993.34,5883.2837,5638.9746,5744.9575,5374.5557,5321.837,5256.553,5493.4307,5419.549,5385.9106,5207.7017,6393.4556,6593.965,5831.8975,6083.669,6151.226,6351.051,6192.144,6068.4106,6106.66,6403.0166,6323.418,4753.4014,6460.669,6796.6675,5711.3633,5393.685,5463.775,5711.587,6215.2256,5084.1196
raichle,cbv,fsLR,164k,7426.149,4353.406,5180.09,7470.8286,6409.669,5632.4194,7805.912,5177.9907,3988.9,4191.8223,3903.8442,3858.3267,5550.3945,6893.104,6370.2246,4263.816,3994.4656,6975.0225,4035.5427,3336.8052,4821.187,8225.169,3950.1907,5608.228,4272.5234,5571.776,4749.451,4569.8853,8064.7593,4955.6016,5749.6094,5494.1826,6194.395,5991.1914,4852.466,7355.602,4165.8936,4375.807,5439.839,4556.715,4721.704,4215.3843,5144.3223,4651.055,7053.8374,7934.275,2918.7021,3831.1072,4430.572,4178.647,3086.1768,3876.0994,4699.0566,3401.0598,5197.982,3219.0303,5371.2114,4569.631,5115.972,4789.5454,4599.388,4505.992,5056.913,4079.8684,4159.641,4355.219,3723.3008,3898.8777,4290.417,4071.7612,3660.7986,3865.7078,4114.015,4434.1387,4184.255,4749.635,3101.5667,4217.978,4540.803,4265.942,4289.2495,3782.384,3644.0574,3560.092,3511.0361,3725.0278,3454.6929,3270.454,3028.9993,2567.6597,3123.9822,3684.7285,2811.6147,5420.3623,3980.123,3950.3267,4099.151,3799.3503,4558.354,4975.391,5228.5347,5215.014,4943.392,4847.087,4854.7573,5581.3203,5793.1636,4512.085,4799.0337,2991.9746,4912.308,4656.5386,5312.8135,4287.388,4677.153,4284.491,4105.9253,4268.3516,3837.7366,93.732185,5695.465,4426.6113,5499.4824,5322.359,4851.414,4866.276,4020.0168,4447.614,4440.798,4445.6763,4968.283,4113.773,5128.0576,4161.8384,3565.1016,5819.4927,4659.9717,6216.2407,4778.18,4533.4077,4152.804,4531.978,3245.738,4066.7466,3893.4539,3893.6753,4445.273,4133.7026,4085.873,4486.724,3860.9585,4409.4756,4691.6025,4630.152,4094.8762,4334.8843,4847.5645,3701.6711,3321.0383,4496.7783,4421.6855,4479.949,4739.662,5388.6387,4471.8438,5115.512,5436.2656,5212.455,4509.9233,3160.78,3788.8228,3981.9016,5146.3423,5278.0933,4960.8364,4322.6567,4509.849,6114.6235,4724.9663,4838.9355,8502.48,4951.3467,4797.801,7214.5894,6487.442,6269.4087,5736.5654,5603.257,3990.326,4286.4624,3777.9297,3951.3013,6729.2383,6462.7593,5768.57,4705.613,4092.9968,6042.6978,4601.028,4407.7095,5552.6167,11025.235,4635.603,5292.584,4294.814,5939.8716,4814.179,4455.3276,8957.059,4827.106,6040.8833,5121.561,6129.525,5289.0283,4574.833,8213.848,4161.0156,4432.206,6318.02,4420.5435,4593.1963,3856.8386,4866.1084,4252.32,7050.929,6295.2207,3524.2795,4008.1506,4344.0176,3915.0562,3018.09,3711.8503,4602.512,3888.2314,4878.8066,3505.9592,4870.616,4641.96,4911.0312,4599.7856,5102.681,4608.1553,4870.889,4284.516,4296.7285,4315.4487,3757.5684,4090.6333,4335.5317,4757.76,3775.3777,3476.69,4195.398,4482.607,4298.0728,5097.982,3371.144,4385.3926,4752.46,4533.3486,4192.308,3911.5693,3583.8872,3594.1833,3611.051,3600.042,3519.3943,3298.4143,3247.1677,2527.429,2909.7341,3383.6943,2251.013,5310.584,4070.5737,4108.951,4158.9243,3962.3135,4709.0293,4925.279,5057.9272,5218.3877,5040.0996,4935.0996,5132.1943,5424.826,5626.851,4692.276,4964.9727,2458.1433,4977.94,4315.4214,5236.9824,4368.9585,4641.047,4236.1836,4052.005,4024.219,3487.8838,70.9144,5341.296,4753.33,6025.463,5591.6724,5108.8755,4680.1436,4214.974,4748.3584,4640.9937,4694.47,5584.346,3646.5576,5145.399,3351.7317,3894.9373,4523.8984,4765.8066,7309.668,4816.6206,4673.823,4322.643,4463.811,3676.101,4029.824,3932.3376,4160.4956,4862.1533,4513.2417,4258.214,4617.726,4132.367,5760.2915,4441.001,4541.1987,4308.146,4831.937,5672.715,4018.1768,3776.3223,4463.8335,4133.447,4260.579,4026.0874,5102.672,4769.474,4252.9897,5237.939,5204.251,4578.1367,3185.989,3767.6455,4770.343,5050.715,5363.9395,4898.807,4500.5186,4283.0537,5335.459,4717.7646,4338.3975
raichle,cmr02,fsLR,164k,6088.993,5282.0728,5613.4004,5858.479,5421.01,5328.626,5596.783,5335.746,5562.3184,5465.1772,5330.5576,5220.5615,5346.612,5117.5957,5849.024,5411.5356,5392.3804,5280.511,5361.099,5098.6562,4927.4985,5217.321,5328.5156,5802.797,5171.673,4955.8813,5611.3545,5195.5894,5870.6343,5989.752,5543.8926,5427.7983,5849.35,5665.7905,5328.7056,5386.4165,4892.159,4938.1543,4956.473,5226.467,4959.714,4930.4688,5397.129,4979.9214,5394.963,5378.0776,5150.7964,5506.6567,5017.3037,5390.724,4998.9473,5180.9824,5426.256,5134.5225,4979.543,4932.0054,5214.651,4264.19,4922.276,5073.6743,4931.3394,4915.6294,5156.8613,5046.7944,5306.8774,5234.1255,5098.4336,5122.064,4954.495,4600.759,4804.817,4971.8633,5366.177,5439.4214,5184.004,5172.2134,4960.9795,5366.473,5431.692,5532.8857,5462.22,5345.508,5319.0596,5278.2876,5343.9727,5317.123,4918.7163,5276.7266,5294.896,4887.2095,4928.095,4969.068,4918.6953,4974.545,5601.637,5232.5435,5248.952,4966.614,5172.6816,5107.746,5352.72,5017.658,5036.3965,5205.8813,5340.2524,4786.2007,4743.6987,5180.2524,5166.2896,2054.1455,5024.115,4498.8423,5341.8975,4927.003,4971.7505,5061.42,5417.5137,3551.3044,3264.6184,102.98974,5205.4062,3835.5232,4336.781,5600.1104,5084.9316,4825.8726,4735.294,4748.964,5138.552,5056.362,4022.1904,4595.8984,4855.008,4620.798,4568.9985,4891.216,5023.082,5019.442,5172.4595,5318.181,5321.274,5391.8115,4943.114,5541.965,5591.0425,5320.1357,5025.767,5044.7593,5272.6187,5264.573,5132.214,5230.5444,5508.3027,5334.9604,4605.914,4983.6064,5084.2847,5258.72,5107.496,4929.8623,5396.7954,5611.1587,5522.7925,4785.0557,5038.53,4787.778,4586.7627,4986.991,4976.4014,5234.055,5262.4634,4297.2896,5336.233,5559.9565,5175.1465,4659.766,4751.781,4093.8257,4975.3535,4682.7812,6070.289,5228.6855,5632.8677,5801.319,5510.5537,5293.188,5729.0986,5383.3486,5637.2075,5513.466,5677.281,5380.5356,5426.699,5238.3496,5865.754,5432.309,5463.9663,5329.293,5360.256,5098.695,4851.6104,5319.467,5255.554,5724.499,5223.879,5131.7563,5710.6553,5152.1943,5552.15,5939.8853,5465.9087,5388.095,5760.2637,5809.255,5525.3843,5431.3022,5213.6577,5091.338,4949.0386,5265.558,4890.494,4976.674,5411.3564,5146.115,5279.944,5431.709,5210.8794,5469.8315,5137.0864,5493.75,5151.837,5334.2974,5499.437,5221.497,5271.939,5022.6763,4967.583,4595.544,4973.5166,5065.0854,5003.851,4891.215,5273.083,4817.0825,5090.8022,5286.015,5192.1514,5350.7617,5004.0254,4866.6245,5103.1753,5027.8975,5570.444,5446.5747,5270.5957,5261.7573,4925.6147,5592.5015,5539.7114,5580.5337,5528.996,5388.081,5424.106,5405.678,5569.948,5468.735,5132.2583,5087.8125,5405.28,4866.4863,5053.4473,5246.1743,5085.731,5073.02,5559.6514,5386.0874,5353.029,5259.605,5248.9644,5181.4204,5271.841,4964.467,5169.668,5079.083,5189.8667,5017.1177,4866.073,5199.1484,5304.88,1598.3794,5201.8936,4220.6797,5370.047,4891.469,4955.0776,5262.741,5408.42,3681.8464,3228.6167,73.67236,4953.6284,3930.3262,4345.536,5698.7627,5016.427,4892.071,4421.7173,4688.314,5119.269,5127.8267,4063.523,4419.9194,4965.9517,4567.888,4299.786,4809.8213,4968.707,5006.226,5264.364,5394.5513,5303.5913,5314.649,4968.07,5648.6147,5578.9004,5415.371,5143.243,4992.173,5289.3003,5303.375,5199.868,5049.8413,5371.5815,5025.0273,4496.521,4985.2666,5158.374,5073.2715,4979.1113,4769.784,5519.564,5659.581,5265.6963,4848.4585,4887.6147,5183.256,4925.5566,5042.4854,5089.493,5446.343,5302.944,4110.95,5326.919,5747.8457,5137.047,4599.8247,4767.168,4362.878,5009.6963,3998.5815
raichle,cmrglc,fsLR,164k,7056.805,6377.8667,6733.3994,6891.5503,6590.8955,6538.573,6590.881,6686.0415,6857.5674,6982.0957,7047.6357,6801.7334,6552.389,6707.6143,7805.476,6968.3076,7096.5483,6192.824,6796.9307,6249.9766,6105.1543,6249.6846,6448.805,7161.9775,6250.2104,6753.995,6874.3926,6219.082,7467.933,7644.6035,6885.232,6952.2085,7426.764,7598.264,7082.7188,6664.71,6033.553,6074.243,6178.235,6326.883,5889.7173,6146.256,6962.676,6678.771,6624.963,6965.369,6340.058,7004.2036,6478.543,7131.3228,6227.525,6350.1714,6753.968,6557.3354,6391.0596,6263.4683,6002.557,5087.3354,5819.5737,6295.8413,6006.4194,6483.751,6982.0923,6417.439,6723.781,6922.072,6993.6704,7031.9985,6437.368,6260.752,6381.9966,6534.099,7406.0923,7097.2295,6897.182,6718.3306,6615.6396,6841.293,7216.3027,7227.5186,7350.771,7206.3516,7206.6753,6919.7124,7266.9927,7023.9756,6433.1934,6598.018,6941.4907,6319.4233,6475.142,6461.443,6297.942,6297.3506,7432.881,6835.264,7148.4395,6884.5127,6355.2617,5997.073,6249.903,6037.7856,5993.1562,6258.1724,6370.964,5258.466,5232.3003,6400.3057,6259.9414,2164.7285,6505.4907,5260.2393,6290.1206,5898.959,5658.1055,6165.8716,6737.7114,4084.7703,3649.5618,118.74844,5885.893,4437.996,4854.787,6558.4834,5881.937,5289.3433,5399.183,5579.337,6085.86,6106.739,4595.4077,5728.3403,6064.2144,5807.844,5398.834,5948.681,6092.5747,6105.071,6185.4116,6378.79,6379.1177,6722.93,6136.785,7288.982,7318.4624,6785.515,5935.9927,6304.6953,6913.8154,6537.899,6613.592,6547.0283,6147.5044,6112.2046,5333.4536,6271.39,6226.5205,6525.9995,6192.0903,5765.2456,6801.403,7200.306,6193.4272,5809.5586,6322.733,5814.029,5289.339,5869.329,6329.491,6985.903,7136.007,4977.716,6304.847,6880.96,6005.131,5689.689,6122.2593,4544.349,6441.7153,5637.4614,6940.5537,6269.2065,6892.325,6783.381,6726.947,6563.852,6667.051,6757.908,6971.4844,7138.614,7184.5806,7014.1855,6699.1167,6628.9976,7829.219,6816.648,7032.1685,6181.753,6665.4175,6375.3335,5986.5195,6175.9717,6281.801,7127.1084,6260.308,6760.7534,7018.7593,6200.558,7297.2876,7590.455,6784.2905,6707.3574,7181.2017,7380.2534,6939.9595,6780.3447,6269.8916,6168.3647,6314.5,6375.338,6008.35,6294.809,6778.6167,6735.4854,6556.9966,6978.2715,6586.847,6954.2144,6688.7334,7060.3105,6423.6113,6460.329,6834.6504,6664.1934,6634.257,6332.318,5982.346,5573.625,5977.292,6344.248,6017.3423,6428.041,7001.84,6205.9673,6619.015,6961.197,7110.588,7096.88,6449.304,6625.74,6786.6597,6493.228,7470.2617,7191.219,6917.6816,6847.4434,6766.0913,7116.7627,7311.936,7317.824,7393.6914,7239.837,7376.9434,7226.71,7483.361,7219.815,6771.4453,6465.4966,7138.773,6330.103,6504.423,6595.331,6496.5596,6224.836,7005.3154,7004.4385,7243.666,7091.601,6352.257,6032.073,6267.503,6061.9214,6180.5903,6325.5527,6251.927,5708.477,5399.6855,6548.4517,6479.243,1705.2689,6704.7993,5091.6255,6473.427,5928.2085,5847.272,6251.282,6749.7256,4142.4688,3664.4727,85.25393,5682.6074,4392.407,4923.127,6900.161,5813.256,5375.317,5152.031,5532.902,6028.4756,6098.017,4634.24,5449.9336,6274.217,5669.3467,5056.245,5696.376,6183.1353,6054.704,6314.3154,6394.0005,6332.6113,6621.739,6119.3364,7077.6333,7165.8784,6788.664,6085.265,6153.845,6749.024,6523.938,6722.57,6282.5586,6164.1143,5780.55,5269.5967,6011.0703,6116.1646,6455.147,6134.6655,5558.2437,7007.809,6995.3315,5957.473,5717.7793,5990.598,6114.3413,5705.5986,5974.938,6610.0503,7262.048,7144.6074,4642.2544,6429.241,7119.351,6037.9287,5582.563,6055.2183,5081.465,6446.1455,4714.3994
reardon2018,scalinghcp,civet,41k,0.8918784,1.0405861,0.96164507,0.9056095,0.9313426,0.9566091,0.90385604,0.8821721,0.91554624,0.9875461,1.0408187,1.0224069,0.9821312,1.0263252,0.96195406,1.016121,1.0560194,0.9522811,1.1012872,1.0519898,0.9783898,0.94571704,1.0377773,0.8967667,1.0818763,1.0626487,1.0486017,0.9528306,1.0162823,1.0486557,0.99285245,1.0000261,1.1486901,1.1177579,1.1461306,0.79916614,0.9665797,1.0189275,0.8716254,1.0715395,1.1169211,1.0124211,1.1120961,1.0283265,1.0210866,1.0302585,1.0662805,1.0806751,1.0793654,1.0721023,0.988971,1.0094934,0.90356314,0.89701927,0.9061737,1.0139964,1.0436587,0.96005774,1.0818484,1.1101131,1.0072727,1.0278443,1.0211272,0.976057,0.91815186,0.96090394,1.1201738,1.0638385,0.9941759,1.0043796,1.0507112,1.0057917,1.1173128,0.94338614,0.85584795,0.89931977,0.9142447,1.0132395,1.0288978,1.073343,0.99631757,0.94072056,1.0895728,1.1032517,1.0043583,1.0915936,1.0708259,0.90333414,0.9677067,0.92164904,0.9063107,1.004911,0.9503032,1.0482548,1.0318828,0.96944815,1.0621585,1.0258782,1.0087264,1.0010716,0.99030805,0.86643106,0.89784825,0.93852735,1.0856354,0.90397364,0.9234252,0.89911973,0.9382238,0.40336433,0.96254367,0.6644993,0.9457515,0.848893,0.86990446,1.0987748,1.01386,0.866895,0.6552365,0.023993682,1.038699,0.9446494,0.94088215,0.9445108,0.9700407,0.85895234,0.98028696,0.99235886,0.95867497,0.96201193,0.93137187,1.0536199,1.0410599,1.0808773,1.0311383,1.0582913,1.0326061,1.0344766,0.9336369,0.9604458,1.0096875,0.99295807,1.1294198,0.99426776,1.0475162,1.1347175,1.1176972,1.1099553,0.9849394,0.94102204,1.0049887,0.971587,0.9515119,0.94884133,0.9520815,1.0346763,1.0500674,1.1177273,1.0794857,0.97201335,1.1137916,1.0709473,0.98773223,1.0689344,0.9920917,1.0177634,0.8997045,0.8640002,0.84456027,1.0394261,0.9094464,1.0427995,0.9071501,0.9075858,0.96093285,1.0196458,1.0585462,0.8972977,1.0668371,1.0765358,0.8982524,1.0364243,1.0005158,0.9185512,0.94655687,0.9936047,0.9776602,0.9062422,0.8975566,1.0440922,1.0470802,1.0390625,0.95485085,0.93012065,1.0617841,0.9616743,0.95099735,1.0705162,1.0199171,1.0826913,1.0271608,1.0168444,1.0500661,0.833819,0.9448924,1.0492886,1.0402888,0.93027884,0.9997758,1.1319661,1.1355225,1.0132847,1.1771243,1.1131873,1.1433347,0.89979213,0.9849243,1.0063043,0.907262,1.0700195,1.1501048,0.96688855,1.1068856,1.0345187,0.93337905,0.93709046,1.0776588,1.0234265,0.9393397,0.9480253,0.97232527,1.0139475,0.87694186,0.9471855,0.96530056,0.9683112,1.1242495,0.70883834,1.0957642,1.1403335,1.051752,1.0375996,1.0339832,0.9963347,0.9535687,0.92407316,1.1448295,1.0839267,0.9955132,1.008549,1.0333493,0.9911925,1.1453098,1.0020355,0.9079662,0.8562432,0.8886148,1.0148133,1.0894051,1.0644956,1.0801274,1.033945,1.1405421,1.1205837,1.0446378,1.0995983,1.0358635,0.92262703,0.9133589,0.88453794,0.88042074,1.0023568,0.9067471,1.005622,1.049371,1.0641145,1.1382784,1.049908,0.99843943,1.0107359,0.96857405,0.8600413,0.8773924,0.8569396,1.0112818,0.90271026,0.88836944,0.9198893,0.8762272,0.29511526,0.8790866,0.7898102,1.0001783,0.8995836,0.91581,1.092193,1.0644246,0.8155002,0.7352534,0.016588481,1.0480777,0.9443939,0.8762389,0.87894255,0.9570839,0.9909758,1.0637817,1.0068475,0.9446207,0.9999015,0.8831972,1.0902543,1.083418,1.1123598,1.0670563,1.1288569,1.0552993,1.071057,0.9511676,1.0128697,1.0598722,1.0233705,1.0939028,1.0025442,1.0160513,1.043899,1.0841013,1.0447298,0.96382266,0.9676839,1.0141882,0.95610595,0.964942,1.0153463,0.9862828,1.0421392,1.0473903,1.1058679,1.091803,1.0032218,1.1424397,1.0592847,1.0655768,1.0051341,0.991824,1.0718309,0.9061018,0.84547484,0.84108174,1.0242977,0.9322248,0.9297434,0.90409744,0.8438023,0.90091175,1.0403649,1.0945472,0.8993832,1.090193,0.8780811
reardon2018,scalingnih,civet,41k,0.81951207,1.0834752,1.0445504,0.92478573,0.97669625,0.972268,1.0729146,0.87859607,0.8678631,1.1381142,1.108009,1.0019538,0.81384784,0.87204725,1.0249432,0.80674845,0.9129078,1.1237978,0.9213659,0.9008528,1.0241717,1.0564657,1.0137014,1.0794729,1.2399011,1.1605142,1.1048942,1.1431048,0.8495716,1.1113493,1.2330348,0.8023896,1.1897619,1.1479661,1.238064,0.70900625,0.8443296,0.9383014,0.78507066,0.92625785,1.1394436,0.90364426,1.1881845,1.1783297,0.9413594,0.9541475,0.90584826,1.0891004,0.9957156,1.1413289,0.95692337,1.0647613,0.96099275,0.9521203,1.0535992,1.0070328,0.8339587,0.7340442,0.9252228,1.1024258,1.1961704,1.1705819,1.1792898,1.1438535,1.0526577,0.9553558,1.1775763,1.1990688,1.1312315,1.1535783,1.1847589,1.0561014,1.1188029,0.7395777,0.8088148,0.81036067,0.88122237,1.0056924,1.0897472,1.1647085,0.88812864,0.8770789,1.0215178,0.99229187,0.9510617,0.8667503,1.0253798,0.91002554,0.9348994,0.9929041,1.061405,1.1208506,0.9991733,0.8780014,1.2217208,1.1809603,1.1680765,1.2418673,0.90818596,1.0695304,1.0998297,1.1191334,1.054047,1.1630754,1.2127248,0.9006069,0.8979173,0.8323449,0.81528443,0.39020407,0.8585414,0.6853579,0.7917731,0.94808596,1.0706509,1.3842797,1.2647256,0.8269663,0.5489194,0.023242708,0.81582606,0.914368,0.96126515,0.93021387,0.963025,0.72946036,0.818573,1.1022868,1.2556934,1.2221099,0.90545726,1.2319344,1.1601694,1.1504809,1.0602704,1.0795437,1.0562983,1.1116323,1.2518188,0.9386528,0.9511933,0.98773456,0.82981837,1.1090547,1.0018508,0.95125484,1.2038296,1.368912,1.1055846,1.0362835,0.9021963,0.72918415,0.67777467,0.9544717,0.77082837,1.0032557,1.1237273,0.8061161,0.8427702,0.77198225,1.2932155,1.2341334,1.0168893,1.1306783,1.1599641,1.0784475,0.9751805,1.1754253,0.9278926,0.8853702,0.9957319,0.95162326,1.0181191,1.0188189,0.9538797,1.2076662,1.3316051,0.82530034,1.0892789,1.0633408,0.8245525,1.5060865,0.9278844,0.8562466,0.9203201,1.0544095,1.0920401,0.91578484,0.8627832,0.944193,1.131889,1.0051823,0.90131384,0.7105648,1.1175705,1.0310113,1.0846586,1.0464921,1.2912991,1.2881701,1.1015953,1.0633411,1.3864477,0.958249,1.061142,1.0386319,1.1765817,1.0366763,1.0018711,1.211567,1.0442612,0.86444765,1.2258233,0.91083574,1.0531983,0.8068942,0.9654874,1.0602559,0.81490105,1.0171673,1.0340788,1.0439762,1.0640365,1.0056003,1.0164529,0.85024244,1.1026534,1.0197372,0.8678694,1.0623608,0.91503286,1.0696694,0.95764655,0.845954,0.9785119,0.9313683,0.9115765,0.5785686,0.76220727,0.9301624,1.2223532,1.1836424,1.2458392,1.1591542,1.0659767,0.89780474,1.0350845,1.0321599,1.16165,1.1130735,1.1115704,1.0616238,1.175172,0.82574886,0.7835415,0.80641806,0.9273631,0.90674263,1.0526776,0.9990772,0.97085875,0.9811346,1.2320102,1.1933302,0.98238707,1.167094,1.1743017,0.96821845,0.81926656,0.84485096,0.80347794,0.984352,0.97217584,0.9504722,1.1807252,0.99321884,0.9436476,0.9930243,0.8505593,0.9945021,1.1598883,1.2109152,1.0083348,1.1631833,1.2778665,0.9654201,0.82288885,0.87600976,0.80593127,0.33602795,0.89159995,0.7964865,0.9549243,1.0337439,1.2290508,1.2840588,1.3927748,0.6942864,0.5349952,0.012863627,0.8469901,0.84788346,0.91897357,0.92578954,0.7900341,0.78159314,0.9790955,0.89067066,0.9546146,0.9638911,0.87031054,1.0532423,1.1898918,1.2060074,1.0523425,0.9429735,1.2331921,1.1380819,1.2302326,1.4169033,1.4613636,0.91919667,1.2452213,1.2809691,1.1931705,1.2940439,1.1204088,1.2178001,1.1830618,1.4104333,1.2050064,0.8685629,0.8431144,1.0435174,0.88716364,1.1992764,1.3985394,1.29221,1.3230276,0.9871751,1.1724532,1.036505,1.0067788,1.1914983,1.1989474,1.1040429,1.0054317,1.2311261,0.8698088,0.9319533,0.9089799,0.9583272,0.9411348,0.94655836,0.8466979,1.0695239,1.22592,0.89368886,0.99731845,0.83691925
reardon2018,scalingpnc,civet,41k,0.7551721,1.1759095,1.0450003,0.87500596,0.9842592,1.0882232,1.0585613,0.9176438,0.9814307,1.0431756,1.3105857,1.0365618,0.9872054,0.92240864,1.0616084,1.0844172,1.0117861,0.9973537,1.0831577,1.137409,1.044431,1.0356121,1.0670881,1.1379544,1.3404152,1.0365075,1.0203737,1.0263956,0.95319736,1.1262505,1.1999407,0.93594986,1.129843,1.0727665,1.124454,0.85267633,0.8283023,0.88250446,1.0036167,0.92785907,1.0767365,1.0736898,1.0914103,1.0650954,0.9791182,0.950869,0.9925086,1.1359398,0.97861916,1.1300198,1.0234245,1.0896316,1.0154636,0.8822232,0.93605125,1.0175369,0.9197988,0.8672641,1.0056397,1.1082051,1.1529677,1.0658147,1.114902,1.0888166,0.9412918,1.0613492,1.2011921,1.1780409,1.0576134,1.1151663,1.1511822,1.1000994,1.2133936,0.8157203,0.9821729,0.99118596,1.0140703,1.0185361,1.0629704,1.2779707,0.9252783,1.0799181,1.2521427,1.3364098,1.1392075,1.1565152,1.0419418,0.8586825,1.1099371,1.0802994,0.9616265,0.8747461,0.6850894,0.9424667,1.1410326,1.0763601,1.0255098,1.0048625,0.8516086,0.88700277,1.0268675,1.0753891,1.1498351,1.1939158,1.3131331,0.8409299,0.8851507,0.89308834,0.75605345,0.29762757,1.0104669,0.6606521,0.7618033,1.0096656,1.0745292,1.2077149,1.1770815,0.7315527,0.43901163,0.018509038,0.9016518,0.7513425,0.9623934,1.0033746,1.0055968,0.63108075,0.84011394,1.2393063,1.2173632,1.1370012,0.7783967,1.1289139,1.104833,1.0416563,0.8592871,0.9781672,1.0893861,1.077069,1.1292539,1.0721389,0.941379,1.0180326,0.93313247,1.013856,1.0273312,0.9271725,1.0892681,1.3608979,1.0717872,1.1861188,1.076156,0.95989597,0.8158739,1.0734297,0.7041778,1.0389521,1.1820074,1.047293,0.99970794,0.97869164,1.1407067,1.01516,0.9780936,1.0875041,1.0416385,0.81603837,1.0144703,1.1282432,1.0882632,1.1224607,1.1542119,0.8057525,1.0463231,1.100923,0.90658987,1.225464,1.219705,0.8299355,1.0323985,1.0006878,0.81570864,1.2565242,0.945404,0.8811057,0.9497897,1.0706704,1.0186976,0.8426803,0.90246904,0.8939998,0.9648442,0.83347523,0.8530293,0.8108791,1.1673254,1.0677711,1.1565976,1.1261629,1.0805794,1.1916448,1.2415142,1.1543487,1.2826616,1.035713,0.9212351,1.061749,1.197351,0.9357283,1.0375828,1.2386029,1.248449,0.88272744,1.3001565,1.0694889,1.207789,0.8862674,0.9129127,0.96570855,1.0475396,0.9195086,1.0292594,1.0804292,1.0445305,1.0210097,1.029872,0.978744,0.94998866,1.0792351,0.9132531,1.0684786,0.92563987,1.0286514,0.9620784,0.89908034,0.965342,0.97727025,0.87557006,0.6168528,0.8820645,1.0035703,1.2091376,1.149163,1.0889374,1.2006963,1.0949011,1.04183,1.1782411,1.238942,1.1508389,1.1200044,1.2438656,1.1886156,1.1634989,0.8677679,0.9624256,0.908962,0.96196544,1.0632768,1.1155748,1.1782854,0.957936,1.042863,1.2212588,1.2956119,1.1204823,1.3036455,1.2166473,0.92562777,1.0035043,1.0107397,0.9545829,0.9813164,0.79857105,0.95917374,1.1752143,1.0209574,1.0860468,1.0994843,1.0038486,0.95108044,1.05274,1.0967611,1.087419,1.1283667,1.1983553,0.9896048,0.89589804,0.8749265,0.923313,0.2874237,0.9755126,0.6773178,0.8112086,1.0163848,1.040573,1.1797636,1.1213319,0.76678175,0.47503906,0.015299604,0.8152974,0.7731705,0.9356379,0.81704736,0.73858815,0.7729899,0.9221723,0.9284062,0.8734882,0.88623774,0.9211398,1.0668033,1.1166095,1.116763,0.94522,1.0759137,1.0362804,1.1575155,1.0576192,1.0953524,1.1954296,1.04169,1.1031318,1.0828115,1.1173431,1.044742,1.1021457,1.1335535,1.0706613,1.2805984,1.1548744,0.9822749,0.9131077,1.1136383,0.8600432,1.2755071,1.2009469,1.0724247,1.1822711,1.0311315,1.2680222,1.1124018,1.0388472,1.0989484,1.1230656,0.87517935,1.0955985,1.1226181,1.0381848,1.1556716,1.0402642,0.8186959,1.0235126,0.95189506,0.6699009,1.056913,1.1246918,0.9861616,1.0470936,0.8088406
rosaneto,abp688,MNI152,1mm,3.418484,3.338853,3.4202628,3.3954072,3.4289024,3.3681529,3.4895947,3.1998982,3.1878552,3.5773647,3.8177354,3.658509,3.2785387,2.9494388,3.6987472,3.4048464,3.342006,3.5769582,3.180657,3.6812775,3.66008,3.5080888,3.7130919,3.5964098,3.9609497,3.4446146,3.813362,4.0318017,3.7935562,3.918559,3.5757768,4.073156,3.8825493,4.127859,3.9633212,3.302928,3.4645896,3.7962902,3.375435,3.538592,3.834439,3.477928,3.5564027,3.4858103,3.6135073,3.6005354,3.2183979,3.300009,3.4016366,3.2839863,3.335179,3.3456242,3.1640525,3.2079415,3.3479905,3.7762175,3.9259481,3.260936,3.7221808,4.088511,4.046515,4.016911,3.443331,4.2465315,4.16005,3.4395256,3.6343255,3.56314,3.7540233,3.5119617,3.6036026,3.6946166,3.5907469,3.8816538,3.890963,3.8515425,3.9097207,3.7463727,3.3767052,3.4639845,3.6213663,3.9198146,3.9786139,3.9901915,4.0589848,3.7806096,3.8024025,3.7933798,3.8867586,3.8113654,3.520862,3.3688118,3.8306048,3.6712577,3.5493467,3.3964584,3.5677543,3.5336905,4.095988,3.9643683,3.830787,3.651103,3.462222,3.3563635,3.716111,3.8537428,3.092893,3.9575083,4.138358,2.227859,3.7153983,3.5112576,3.8054242,3.9093397,3.8930075,3.7549078,3.430207,2.2655802,1.7706054,1.3633038,3.2020342,3.3741045,3.1683214,3.7574878,3.7377944,2.881829,3.567405,3.5663056,3.4091265,3.7051075,3.164962,3.825106,3.786487,3.557813,3.438698,3.5834966,3.928944,3.5793586,3.4886448,3.8609421,3.9640908,3.4751022,3.9855464,3.6534421,3.3670623,3.474575,4.1136513,3.9329822,3.715747,3.632648,3.8654864,3.6015096,3.5093348,3.4691734,3.4731078,3.6844485,3.6129606,3.5487618,3.8614166,3.1442673,3.900012,4.2697453,3.695312,3.6484957,4.2393203,3.751623,3.8011138,3.9137435,3.836356,3.7443588,3.9580119,3.5866182,3.2239761,3.4300919,3.7631698,3.717176,3.875812,3.1448834,4.1180196,3.7032633,3.399191,3.2573314,3.2870646,3.3807964,3.3750231,3.4255738,3.580356,3.193628,3.167426,3.4740539,3.6501799,3.6766362,3.3761628,3.0650537,3.5637093,3.45269,3.330612,3.5812757,3.3235803,3.5747898,3.680275,3.557963,3.4576135,3.6110156,4.133694,3.431107,3.653527,3.921161,3.6932287,3.8727713,3.60756,4.091978,3.8485072,4.1916404,3.8753138,3.253459,3.5742962,3.7393417,3.2874877,3.521492,3.8930824,3.300116,3.4481673,3.3710344,3.6034284,3.3859086,3.1363552,3.2553797,3.2550745,3.407952,3.3486307,3.339694,3.1917636,3.130568,3.2180147,3.8575938,3.9752178,3.385984,3.6930015,3.9635363,4.0081487,4.0463257,3.6030004,4.29816,4.234179,3.341753,3.705229,3.677841,3.7589881,3.6010864,3.7376637,3.8691235,3.6412504,3.8691332,3.9777734,3.6870205,3.8993435,3.6054153,3.4631646,3.2691891,3.8907664,3.8627024,3.9568505,3.9467695,4.082147,3.8116343,3.8451693,4.004631,3.8588922,3.8999233,3.5368588,3.4357553,3.773443,3.763358,3.3538132,3.3625283,3.4524164,3.5359511,4.0585938,4.0131264,3.8419132,3.6288033,3.4911363,3.3855963,3.6599548,3.8706164,3.0361347,3.9116795,4.1905212,2.0533473,3.9554935,3.2495317,3.7758703,3.831347,3.8490005,3.724851,3.4216702,2.1225824,1.8450375,1.3549209,3.203763,3.3631022,3.2471747,3.7113779,3.670152,2.997759,3.6711621,3.58491,3.4253066,3.870136,3.2925804,3.7278602,3.83425,3.5958753,3.5519395,3.5493674,3.8962593,3.6652327,3.6356795,3.9231622,3.4516287,3.3626616,4.057958,3.59059,3.643036,3.72654,4.1460075,3.8609104,3.8838544,3.7929327,3.9378784,3.4717503,3.4090602,3.509484,3.625387,3.598924,3.5766664,3.6931388,3.912074,2.973724,3.8585393,4.0906043,3.6907237,3.599562,4.011009,3.874504,3.6697476,3.781789,3.8598933,3.895951,3.9422123,3.6530256,3.3576932,3.6392527,3.9450555,3.628353,3.6888885,3.3300414,4.150345,3.1280816
sandiego2015,flb457,MNI152,1mm,0.54619265,0.8736441,0.7233845,0.5926503,0.73883283,0.8496418,0.9249116,0.5176792,0.63354117,0.6647528,0.68475133,0.77423793,0.6975677,0.19056118,0.9297272,0.7555969,0.71123856,1.1319454,0.5359573,1.0335054,1.0662419,1.001506,1.060102,1.1188922,1.3391,0.77338046,0.9966127,1.4720148,0.9788737,1.0076585,0.7442169,0.9027023,0.7070131,0.79878414,0.82192135,0.57387257,0.71962696,0.68690944,0.6158132,0.8004048,0.7461847,0.73671997,0.82494843,0.7309546,0.8802343,0.8554802,0.9571052,0.8058358,0.85051286,0.7128866,0.80715996,0.83558404,0.47392255,0.61084414,0.5248944,0.89903635,1.0552051,0.7056314,1.1079284,0.9765436,1.3252007,1.1875132,0.9484849,1.082282,1.1067188,1.0093701,0.7956057,0.66795784,1.001891,0.83265364,0.9065837,0.95331067,0.7119223,0.9553783,0.9628482,1.0624504,1.155327,0.94446635,0.5006219,0.49782434,0.57940364,0.83879536,0.8880107,0.99337083,1.1647273,0.95831245,1.0202734,0.9828377,1.1320894,1.0252262,0.9629775,0.9788054,1.0679255,1.4101264,0.7028434,0.546645,0.73553616,0.8269577,1.1673406,1.1612035,1.1439089,1.1152703,1.8317223,0.68077844,1.1603682,2.4372675,1.7405623,1.6302918,2.36026,2.353319,1.3309216,2.0189397,1.4507488,2.462498,1.3522736,1.0089121,0.8172731,0.97411716,1.2990714,2.6291895,0.6950668,1.9713937,1.9189625,1.0815303,1.7005502,0.8032037,1.6484699,1.6647447,1.3835487,1.331498,2.0355942,1.9765748,1.633744,1.7703203,1.8225757,1.4463702,1.6039,1.128838,1.1469506,1.2398665,1.0826446,0.8181366,1.0777762,0.82418704,0.96057135,0.8033474,1.2542515,1.3311028,1.3053201,1.059056,1.1813955,0.83733773,0.86734533,1.2216622,1.5976285,1.0329845,1.123822,0.9469622,1.0765119,1.1397811,0.91558284,1.1461452,1.0712851,1.4693071,1.2133962,1.8296094,2.816078,1.8144366,0.949286,1.0566547,1.0380286,2.0562875,1.5151982,0.7607027,1.3579735,1.5380857,1.7034341,1.7793283,1.1515818,1.2891676,0.5864617,1.0431404,0.71181536,0.701987,0.85638565,0.92671055,1.046943,0.5031464,0.58348155,0.70471615,0.81368685,0.81757474,0.7730994,0.20033006,0.8425291,0.9727011,0.75750834,1.4111594,0.6556729,0.8660154,1.2257802,1.2333595,1.1702482,1.2384629,1.3797773,0.7468464,0.9730798,1.242521,0.9207274,0.95759225,0.6345626,0.85569865,0.6039289,0.77045786,0.64268535,0.53801686,0.6861827,0.58782023,0.60005033,0.7657625,0.7199302,0.7630064,0.8117752,0.7133486,0.83571,0.8953987,0.8891505,0.83544326,0.7476231,0.77744335,0.701253,0.6798544,0.42985195,0.6117072,0.5668434,0.8568082,0.9806277,0.69073325,1.0932626,0.93276715,1.2916498,1.1461804,0.9896164,1.1393222,1.1750582,1.0062348,0.8535769,0.80415213,0.99547017,0.8490023,0.8974859,0.938734,0.7336261,0.9590786,0.94972867,1.0897671,1.0885769,0.892598,0.5809545,0.5698773,0.78348595,0.8771273,0.92414427,0.9783028,1.116531,0.9951722,1.0163838,1.059644,1.061984,1.0558149,0.9319881,0.9586913,1.0451659,1.4518657,0.7609621,0.5610833,0.75925416,0.830882,1.1075325,1.1377434,1.1609955,1.1345147,1.8578035,0.98760986,0.8487662,2.3731093,1.7186651,1.5096245,2.1761835,2.3499668,1.3707967,2.1417193,1.4413925,2.2053115,1.5024092,1.0496075,0.72230625,1.0556813,1.367345,2.61796,0.6192234,1.4971846,1.8967183,1.2644271,1.7812297,0.8619635,1.6859947,1.8738202,1.0523686,1.4338127,2.0621667,2.0465152,1.7816399,1.909221,2.0371294,1.6263272,1.7077786,1.4624325,0.97314703,1.4604557,0.96891457,0.73652464,1.1950173,0.8421794,0.9058704,0.8156145,1.1356363,1.1327395,1.2547855,1.2094138,1.3201951,0.9478135,1.068686,1.2308587,1.6023167,1.2346052,1.2912219,1.0128441,1.1735779,1.165407,0.82663816,1.0504755,1.461739,1.4218957,1.2409571,1.6256418,2.9494576,1.8555228,0.9592825,1.0356939,1.0348201,2.3566642,1.4928459,1.0157967,1.4584613,1.5186825,1.7830116,1.790576,1.1200022,1.6293983
sasaki2012,fepe2i,MNI152,1mm,0.06384271,0.17100908,0.10730547,0.019091481,0.07913691,0.12980406,0.05885983,0.14536612,0.15493084,0.18585308,0.22642374,0.13227405,0.15702648,0.000116482064,0.07870451,0.17246561,0.17575514,0.057438534,0.20745313,0.14516903,0.11907617,0.08775477,0.15402903,0.18654196,0.11796206,0.024383599,0.058424138,0.11333348,0.037345022,0.09189577,0.0010423072,0.11738809,0.024023188,0.12990929,0.15043354,0.0047231037,0.14470196,0.16055995,0.02435899,0.10339826,0.13322833,0.09022978,0.051959075,0.12029017,0.010572107,0.033825282,0.03697843,0.17851295,0.07040715,0.16537608,0.043463692,0.15072106,0.18148102,0.095493466,0.10725464,0.11844948,0.087142006,0.09117022,0.07582957,0.11361955,0.037840925,0.0766014,0.029842908,0.07955601,0.044416893,0.20622927,0.14457178,0.22041917,0.027250538,0.06516935,0.17806336,0.041011244,0.19547392,0.16193531,0.1844015,0.13381007,0.1907799,0.17084688,0.18716693,0.19420305,0.22162816,0.2227311,0.21672784,0.18548343,0.16838844,0.18789205,0.14452922,-0.027179705,0.19281115,0.10463554,0.21272683,0.23656856,0.0040258886,0.23433436,0.20901735,0.22425523,0.14794613,0.15533014,0.11004996,0.09672786,0.15602516,0.25285342,0.72055745,0.23922743,0.14573386,1.3503858,0.0067240656,0.4553703,1.1940176,0.19430569,0.42324188,0.58354187,0.11352145,1.117396,0.33737037,0.1598984,0.1681808,-0.015141441,-0.043216716,0.06813876,-0.015137862,0.06696434,-0.07781199,0.1093462,0.07669813,-0.05699629,0.07743429,0.06722599,0.15497299,0.15963665,0.0533911,0.11611417,0.15131444,0.07144453,0.065274045,0.114098474,0.12313106,0.14643694,0.1388815,0.14182249,0.15280567,0.10410559,0.09145005,0.17885348,0.12725136,0.16866294,0.13068114,0.09947147,0.116082914,0.14601324,0.09660053,0.0639622,0.020390075,0.11938186,0.06549431,0.142556,0.16215572,0.14564107,0.1314081,0.11852868,0.14466642,0.1089618,0.017698366,0.23840098,0.052498966,0.29381678,1.5254219,0.5646645,0.19249518,0.16997573,0.22499563,0.043973178,0.38419867,0.21649523,0.075618915,0.13384806,0.16589442,0.33430257,0.094596565,0.056762483,0.081001386,0.1635143,0.14214252,0.079840034,0.11253765,0.14331089,0.100689806,0.16532116,0.13419104,0.14260851,0.15595078,0.054873616,0.11562253,0.029839406,0.11709743,0.13013384,0.17099956,0.104475975,0.1909538,0.12517883,0.04987529,0.043911394,0.15311338,0.10413922,0.0109574,0.05309325,0.1389483,0.03175297,0.11576484,0.13198458,0.051916745,0.12882994,0.07450226,0.1612169,0.17991312,0.09066023,0.188248,0.1711026,0.09660221,0.14206621,0.15277478,0.12780532,0.120787114,0.097807884,0.10298628,0.08628693,0.06899827,0.13188925,0.12563045,0.18457775,-0.026197037,0.14640017,0.20436761,0.07205855,0.14705674,-0.019112157,0.109099425,0.13445838,0.110493906,0.15653285,0.061770804,0.11979597,0.09000411,0.106633164,0.07027905,0.14278802,0.052074373,0.16492602,0.03608763,0.048737854,0.12412397,0.034964964,0.1447291,0.08993425,0.078842014,0.05546989,0.069853805,0.14207165,0.18899594,0.19346467,0.1695416,0.16860452,0.06912984,0.11727611,0.06151662,0.14797689,0.07779605,-0.0050874883,0.1163207,0.07390851,0.16055125,0.17583908,0.011520271,0.16180375,0.15808628,0.18846734,0.111151725,0.062828295,0.0276248,0.039884135,0.13236138,0.19466332,0.3249584,0.18671796,0.18026167,0.569707,-0.061942644,0.23877834,0.5202425,0.060595725,0.3258479,0.2688073,0.02843627,0.5883597,0.27087358,0.13624398,0.1717224,-0.039455704,0.005175316,0.0673188,0.015922999,-0.025556434,-0.12981465,0.07788634,-0.019306602,-0.046336696,0.12922387,0.02949324,0.13417579,0.12210064,0.0019784078,-0.004500683,0.07097797,-0.0017892219,0.06407928,0.12024895,0.06842318,0.12936498,0.15306415,0.10144798,0.14817718,0.10880267,0.06525911,0.17969258,0.16350429,0.16867429,0.06573941,0.015799277,0.08215796,0.14373127,0.07856539,0.012639788,0.04798282,0.14649238,0.1024304,0.08924933,0.156646,0.13227937,0.076821096,0.14160861,0.17945172,0.14491533,0.039463125,0.38089326,0.074583925,0.23606242,0.82330126,0.3215007,0.16251181,0.08793297,0.12587829,0.046435766,0.12833421,0.11362084,-0.072183184,0.0908926,0.036053076,0.186766,0.13609813,0.1229331
satterthwaite2014,meancbf,MNI152,1mm,61.235523,65.53739,56.79766,59.57064,59.394764,58.07443,53.020454,57.87618,61.030106,69.10374,69.32907,72.89911,58.23396,66.15076,65.40998,61.52457,62.684525,54.795395,62.947197,63.461765,58.961754,54.0724,64.895775,83.5402,68.61753,54.62195,63.475643,68.57012,62.768738,67.76922,62.669037,80.11773,67.4584,83.603134,69.52526,52.153027,57.454987,61.52826,49.885643,62.079113,59.09659,53.601505,63.623257,48.3816,58.34899,60.54386,56.291035,63.78863,60.115498,62.456936,56.361645,56.207138,57.202274,59.193363,47.327175,67.122406,68.22802,50.879818,61.88218,63.706726,68.39123,66.8922,71.7497,69.00112,75.99761,76.63884,69.71399,65.63336,64.596375,59.358437,63.337135,60.436718,73.944435,76.76093,75.9292,77.93569,77.357155,72.25411,71.588905,69.41817,70.06265,72.3325,73.37588,73.20455,79.34344,72.21021,63.223225,68.776,72.08357,61.254444,72.873,75.14656,57.334766,72.87676,65.43281,63.373337,70.009476,67.509155,75.59446,66.73794,66.63832,60.845005,69.00198,67.08025,69.97329,59.349434,73.12672,72.33976,69.12419,40.98981,69.436676,58.518024,75.94341,59.118893,57.74532,57.61601,61.70733,24.166798,44.60153,27.095512,50.773678,10.123833,61.819828,71.8283,68.26536,54.393566,53.24958,63.39363,66.70418,66.486565,26.766546,71.32448,71.458984,35.748,39.226345,54.642693,68.6301,60.817654,65.95467,66.48787,63.45608,57.68597,67.01711,67.27181,68.90838,66.56316,65.22546,66.059586,66.61637,64.944534,66.709175,57.44085,55.009205,53.35953,56.99174,60.90189,63.73296,66.03705,62.842308,47.2938,66.99666,76.98961,57.510662,63.647274,70.01679,62.175503,62.72144,57.406525,73.3927,71.567474,76.38904,0.0,79.22761,72.409935,70.838196,61.480236,77.90959,60.289608,64.040886,62.261448,61.540596,70.2547,56.091084,60.774925,59.89461,60.240788,59.662537,56.021347,59.45002,71.26868,72.19311,73.94072,62.826454,67.030396,67.00246,61.326916,61.335693,55.81396,63.57557,63.322384,63.67979,53.60711,69.30735,85.285934,71.23056,54.061058,64.78348,74.38044,61.373093,67.364075,63.30946,79.96732,68.97061,83.135796,70.777374,50.440266,58.400024,61.646957,50.010643,61.539833,59.967606,54.056866,64.868,52.664078,57.539837,60.455986,55.18849,64.47115,57.528976,61.762154,56.168957,57.160137,55.901413,57.82416,49.63738,67.74443,67.791504,51.700115,63.124577,64.19652,66.51282,65.275894,71.98439,70.52959,73.43455,78.307526,71.716866,66.460526,64.758415,61.90132,64.96914,62.20474,72.89074,78.526665,77.174545,78.62675,76.62397,71.0884,71.452644,67.69561,72.07283,70.33726,73.73144,71.329956,77.48174,72.100975,65.13792,69.35411,73.806175,63.148052,72.604935,75.33639,58.46383,72.66383,68.762825,64.48675,68.43829,67.42746,75.46796,66.84422,68.300354,60.422478,70.47738,66.74519,66.55518,61.656193,73.60543,74.501465,72.062164,36.8536,71.58003,55.33135,77.347626,58.79918,56.73705,57.2454,63.4347,34.566788,44.563004,26.983236,52.849983,5.6253076,60.771854,78.31103,71.455475,55.355556,52.792824,64.89195,67.963165,70.69393,15.166984,50.01828,77.29488,26.438223,28.480314,54.424385,76.50878,60.39426,71.60337,70.6101,65.72672,59.700916,68.20261,68.44847,65.9917,70.343155,61.861977,63.37481,68.41898,66.326355,66.90048,56.729664,57.467205,52.939774,55.79349,64.676254,66.34461,69.55806,68.11203,47.93372,68.02442,76.53308,57.994453,62.438477,67.378716,64.63755,64.34128,60.13872,75.373856,72.970184,76.52485,0.0,81.18542,80.70149,76.83858,61.01136,77.45814,62.60257,63.872536,51.96057
savli2012,altanserin,MNI152,3mm,65.519714,71.22754,51.73056,63.518673,58.127354,59.535336,64.82321,37.976917,43.39382,57.562473,60.91005,60.34809,51.486137,37.791126,61.28943,61.590145,62.320885,73.96844,63.10557,57.81413,63.3097,72.02529,75.79462,68.08163,71.29863,54.67362,65.89803,73.11112,61.924343,73.59853,67.64428,70.0313,73.65053,78.75537,66.76372,39.90049,46.394444,50.317,47.521393,51.759975,46.224552,54.960865,54.107,52.661343,58.926643,54.087757,53.100628,61.583916,59.60313,60.51805,45.107834,54.853195,31.854105,43.94406,38.10868,59.694992,65.315575,28.385735,52.436108,54.56147,69.251335,68.73569,63.11522,72.407745,76.94024,69.1568,65.67171,54.27326,66.68414,59.150978,62.817383,68.30921,63.069656,70.95371,64.71295,65.91789,73.354706,65.427025,57.179657,48.259193,61.390163,64.68347,74.67231,76.777,80.94999,70.8885,68.03173,68.20975,68.844154,59.887253,69.73823,66.698586,55.333927,58.162518,61.67222,45.86139,61.36187,62.965847,67.17874,64.053635,68.20782,59.40063,52.225754,49.319542,68.85625,57.322433,69.58602,70.551025,73.0892,17.046806,68.63364,52.61809,77.54988,66.14057,67.51933,66.14637,62.338425,17.2882,3.9506333,0.0,46.018997,59.06613,65.8638,69.68969,68.81307,42.560867,52.42809,77.36503,64.90365,70.58336,62.182175,77.16865,80.877716,73.81527,61.958344,68.50427,77.30247,73.37594,71.81823,79.92083,72.831894,52.675064,56.47813,63.951885,65.14323,63.62421,67.94468,69.69278,72.339676,76.49908,68.76368,44.91454,60.201004,50.048706,59.034187,67.15624,77.30461,63.26653,65.62651,40.75794,61.28092,80.646866,65.57175,64.58221,76.37766,55.206272,58.195045,64.3483,61.831978,68.864204,73.94624,69.41361,62.482662,54.97386,62.17102,71.08595,77.17524,50.421852,62.02586,53.882824,66.11109,77.24842,53.505188,64.69676,64.25142,65.30837,66.89073,36.945652,42.6796,57.72597,60.01739,61.758274,57.888653,37.633667,64.16647,66.65955,58.609764,74.65067,62.637306,68.59321,65.938896,71.817314,77.91484,66.10103,69.914276,52.727688,69.781044,68.782776,65.6652,74.120926,69.806816,68.879196,66.366264,80.85409,60.67639,38.411217,48.81164,51.412846,43.33082,46.001076,51.14084,55.073563,51.77058,54.9447,58.931374,58.604343,56.19556,57.19653,54.009117,60.394283,42.326073,54.966057,33.268692,41.468254,40.840668,55.347622,66.1853,29.95723,55.418205,58.717888,62.735344,62.557243,63.42975,64.110596,74.50191,61.872307,67.04547,55.192635,67.16818,62.284748,65.549126,67.8158,61.94021,70.4321,62.34328,64.15741,72.90219,64.12087,57.511055,47.229717,61.46994,61.828907,70.17895,72.49264,78.86458,70.51619,71.46404,67.06574,68.67618,61.817448,67.50688,63.090214,50.387012,60.38708,58.03591,48.32313,62.248314,61.618248,62.025936,62.941525,71.91576,57.044754,47.65045,50.555943,60.72336,63.379044,62.37118,71.14417,73.40921,13.6521,71.70874,48.822838,75.14483,62.43526,64.08027,69.05886,62.880745,8.422921,6.4633694,0.0,45.640133,55.490482,62.588844,70.958244,69.47781,41.635,53.87404,79.02381,64.4728,78.437546,60.44552,67.294,83.173096,75.48903,64.51356,64.92255,80.895805,77.76438,70.92956,84.66093,75.733055,55.52638,63.592876,63.70891,71.57153,64.18798,74.98784,64.541084,74.75049,82.21814,77.07546,46.1373,63.773216,49.06338,55.57204,66.14212,76.11622,72.17446,71.57811,40.871788,54.61063,78.035545,68.13668,63.331985,66.14435,55.707123,55.03698,58.14279,62.568886,75.39301,70.16815,68.88219,59.164513,61.266388,60.356514,69.6613,75.42339,49.800484,63.74115,36.447906
savli2012,dasb,MNI152,3mm,8.933074,8.362465,6.541588,7.9262667,2.9302764,2.56405,3.7843676,4.2999253,5.193496,3.3326454,2.6931572,2.4280074,4.278964,7.5002294,4.952076,4.455019,3.8673847,6.796249,5.884501,1.959618,3.1126745,5.365586,7.186807,17.138767,3.976211,0.91875374,6.2187223,3.8537345,3.1116297,7.806306,8.966908,15.572623,11.84988,13.701302,8.787718,5.1965284,4.5475783,7.9696145,3.6413536,10.195055,10.283014,2.1498055,4.8360634,0.9977599,2.5084298,1.4402615,1.2596126,2.6691892,1.514287,2.20167,2.420745,4.50363,2.4611673,1.3222219,1.9379102,1.6760825,17.047398,12.124738,14.858503,9.393642,14.322421,7.5043087,2.8807652,8.953,9.885909,7.518846,2.3699212,1.6991844,4.7926836,1.1937294,3.152151,5.8611336,3.3469245,5.264943,5.4926677,5.892837,5.5604496,4.423048,4.774064,1.9591234,4.7311673,4.664267,5.043527,6.1585574,7.737497,5.202636,5.4100156,7.0829706,7.0446744,6.2306805,4.1767764,7.99718,5.4543653,13.209145,2.5655696,2.0727863,2.5525007,1.8474333,5.6406865,8.357935,11.328326,12.146034,14.7494135,6.952019,7.532315,23.57551,10.680785,7.968704,17.905582,15.04655,12.119975,19.921738,10.700155,11.358256,9.7291565,5.208339,2.722044,14.187156,9.805948,10.021499,3.732677,14.314356,6.119407,11.23665,6.3168607,9.019045,5.7778177,10.097423,5.553314,5.937694,9.890271,5.6697135,5.233189,4.149262,7.4933176,3.4393399,5.692762,6.613766,6.712359,8.3722105,5.9787555,3.9604034,1.0312369,2.845097,2.7029247,3.0142255,5.922195,2.8461816,2.9291804,4.7462497,1.703856,0.47546107,8.837915,1.6912245,7.3361597,5.7432876,9.375925,2.7822995,2.358821,1.2158837,6.0608544,11.996238,8.375489,17.480562,12.462182,19.495577,24.102545,15.811656,4.6973524,6.76819,5.6362357,4.085176,16.708754,11.277737,5.021804,8.272299,4.6108665,16.673666,8.727401,14.4819565,9.442791,7.558382,6.5680504,7.271833,3.2818701,2.531802,2.9743328,4.2847424,5.1226187,3.0321777,3.0707624,3.204603,3.9963043,7.5762577,5.1352468,3.1910942,2.401022,5.5978756,3.3874612,4.4207225,3.8728995,5.258515,7.3364873,17.232616,4.390666,1.3393689,6.463737,4.374275,2.986512,7.9046855,8.4541445,15.957063,11.035822,14.183256,8.365673,5.334489,5.624849,8.480104,4.4591618,11.286165,13.136916,2.703509,5.738919,2.2403762,2.3609192,1.3200948,1.7476021,1.4069893,1.57274,1.3701582,2.9719052,4.6679792,2.5715592,2.0120356,2.2234113,2.0391912,17.734867,13.325209,14.446632,10.288456,15.713597,7.798789,3.3174546,10.076797,9.872437,7.901737,3.1461601,2.2427192,4.868214,1.4873487,3.8814087,5.823206,3.287006,5.664646,6.4807596,8.35103,6.5083876,4.2986984,4.6006413,1.5889238,5.4631844,4.649226,5.3012853,5.945273,7.995885,5.446123,5.73998,7.2177196,6.7603216,5.9086885,4.7814837,7.7946978,5.198824,14.296622,2.0289571,2.0821953,2.9081519,2.1947207,5.3439274,6.673598,10.788628,8.707591,15.80906,6.932146,4.9267187,24.742273,11.763169,7.9969926,17.931189,13.606295,13.62081,18.07509,11.571136,10.288643,10.136386,5.0188355,2.7163832,13.698747,11.156042,9.517409,3.0094175,13.944215,9.400298,11.243221,6.1700306,9.190558,7.5694003,11.414658,4.4367347,7.463206,10.249824,5.481728,5.1219583,4.5594797,9.094337,3.4440918,5.917013,5.607248,4.5315056,7.567763,3.2934554,3.424005,1.4657735,2.459664,2.5373707,2.3785484,5.9358273,2.1899953,3.2088218,3.7687984,2.560435,0.4236377,9.508181,2.0084467,9.201772,5.2122736,9.011369,3.3048294,3.416109,0.53806996,5.926261,12.131256,8.65241,17.520851,14.285791,19.757582,26.571436,15.088498,5.3592668,7.2529,5.259314,3.2654936,15.704651,12.78179,4.3058305,9.798584,5.0895896,18.364813,8.911548,14.686495
savli2012,p943,MNI152,3mm,52.942196,44.658535,29.187698,38.657658,29.838446,32.338234,28.316326,36.549442,39.78228,49.010197,52.342377,48.242016,39.145596,20.015907,40.82618,43.616444,42.319653,34.66763,46.278145,26.889956,28.994005,39.264904,47.831043,50.374187,43.40521,43.683243,36.185986,35.1626,37.52701,43.98819,33.174423,42.82598,40.8397,44.01622,40.34402,27.338839,26.389717,34.65476,28.088675,36.599518,33.854904,33.167206,43.445507,39.07886,33.537205,41.82007,35.569183,43.681004,38.6433,40.453938,29.111118,36.254158,32.085915,36.09988,35.84906,38.69756,43.5986,20.78708,42.67324,43.80241,35.279144,47.28049,47.98875,47.496758,47.383,50.165867,53.55595,35.601425,45.987175,44.496925,40.090363,45.010487,48.67552,55.7193,49.10467,40.871128,53.459587,53.686924,39.100494,34.886192,54.634304,53.299583,58.071312,56.72909,65.69648,48.23227,45.578754,44.325832,48.42469,44.488636,47.62774,42.208603,29.923548,33.124874,43.651325,36.474033,46.42269,45.43697,46.016823,40.699936,42.31182,22.669052,30.411068,25.827883,44.518337,32.588394,33.966976,41.634674,46.75839,17.154,37.974586,32.303574,48.6764,26.405516,23.19362,40.634907,39.123226,7.2320085,6.8322105,16.88059,14.937166,12.727933,21.370054,49.774677,31.172674,3.5554066,12.373987,29.953386,34.704166,47.94329,16.870226,34.952755,42.064293,35.781273,16.697557,24.075096,38.117825,36.874916,39.48209,49.59308,48.248486,32.59356,24.683475,41.584175,46.27351,44.1709,51.40196,45.826424,47.332176,46.11844,39.332607,17.624807,23.931921,14.25464,11.072935,38.383137,47.137157,36.861732,31.389929,7.6523833,33.13291,45.749157,26.931314,22.613863,35.08664,30.462559,28.633602,25.039549,36.849392,46.794407,62.81317,21.503328,37.49843,42.39398,30.802605,33.608074,40.214054,16.649158,47.115368,39.626934,51.687717,33.531864,32.45159,34.898674,32.605225,30.544468,24.722824,33.93718,37.97296,46.0405,47.013367,52.46345,41.29276,17.644241,41.337086,46.116074,38.808094,26.01249,38.112896,38.492233,28.793058,34.579227,46.29088,39.42214,42.51834,40.422493,36.317142,36.38373,39.698044,40.746277,24.56573,43.260677,33.900906,45.114414,36.066113,24.691132,26.358969,34.33863,25.657333,35.06851,37.4977,30.36325,40.0553,39.251358,31.627748,38.48909,30.776737,35.186653,35.475166,38.30736,29.475481,31.65847,30.708805,34.879616,32.175747,42.874176,42.530174,22.260677,41.77932,41.56193,30.874826,43.816975,45.657215,39.080173,46.08773,36.882793,48.845345,38.59932,46.07636,45.226395,44.798977,44.465088,40.614258,57.05907,47.141872,40.170513,49.579613,48.756783,37.000168,25.393276,49.473206,45.104195,57.759216,49.744854,58.650562,47.926815,48.449966,41.22204,41.672222,42.442417,44.878178,34.048172,28.45813,30.660166,36.62009,30.694546,45.166634,42.88307,44.876953,34.75236,35.117397,9.458646,25.359615,22.476389,26.688648,30.283981,23.885855,40.08734,46.05391,13.78947,43.069252,28.785645,41.784935,20.269073,17.40415,41.384113,34.257854,6.181828,6.990924,16.732384,6.171297,9.854615,21.323402,48.54952,27.75087,3.2738476,9.083397,23.166525,18.905807,38.71038,12.117048,25.154531,38.119076,25.511116,13.865622,17.69964,39.656734,28.63914,29.979673,44.837616,33.79112,29.641144,27.038511,35.7405,43.58744,39.0487,49.52538,34.827854,44.737736,37.916737,44.758022,18.276896,19.305677,12.365137,6.0596166,36.12752,37.05816,38.620907,35.90459,3.2607589,26.639458,43.670143,22.78065,22.968788,32.672245,31.458382,26.714659,19.259607,37.57548,51.91802,49.963875,16.063465,28.329723,44.51789,31.727068,21.896408,31.945105,16.375034,43.967316,26.271088
savli2012,way100635,MNI152,3mm,16.057281,35.36019,24.030476,20.362076,19.984953,21.678555,25.285105,19.715816,20.459219,26.465054,28.134302,26.43983,21.83009,19.981508,26.307537,26.61559,27.129044,39.479656,28.2588,24.539398,28.759848,32.6073,38.646023,34.678024,34.93746,27.1531,32.07404,34.359493,27.629984,31.579803,26.716984,35.84684,31.99108,34.87972,29.112461,23.12385,23.45559,28.259445,23.919989,26.962523,26.35553,28.796946,28.359365,26.673666,29.545837,25.832537,24.447086,28.154888,25.602896,25.21937,18.952925,27.963247,18.378115,20.45845,23.3826,25.8467,38.997456,21.065136,33.968655,28.617807,39.4494,33.18181,29.949705,37.257187,40.183937,30.187988,29.477674,26.25658,34.90166,28.387335,33.069496,36.02414,29.492966,35.34161,30.384508,29.459661,31.418003,33.355015,26.192472,21.752817,27.234758,26.653181,31.691828,36.77726,35.82222,32.04923,36.21133,38.600815,34.81231,36.618332,32.939693,32.046505,34.387783,36.666847,26.73357,26.122711,28.306158,30.171972,35.26526,36.208176,34.611458,27.441961,30.59623,19.57235,33.10352,55.30578,45.169712,38.16076,49.35122,25.07667,31.916086,46.16287,48.05859,32.85074,35.463856,34.071827,30.073156,35.6802,15.924414,5.290534,21.984514,63.030724,42.48157,36.622375,35.35446,40.39547,46.536613,44.013996,29.323074,36.891617,48.884308,44.633137,43.212463,47.356285,48.81878,35.160686,41.012733,36.985615,33.406338,43.46463,39.416927,22.837795,25.405832,28.666496,28.096115,27.406301,37.202293,33.394253,32.558525,36.649933,29.938011,16.0849,29.63159,22.540575,59.193977,33.808083,40.33468,27.056416,30.773613,18.205902,25.605919,38.588333,36.321384,40.488457,40.930195,39.39012,45.86258,34.26223,27.47617,34.95818,30.945087,45.39283,38.206436,27.466534,31.234257,43.559402,43.44805,48.785133,30.378422,34.159447,17.053024,35.727142,24.007334,20.49554,21.600126,23.443708,27.480097,19.190947,20.221878,26.006294,30.102228,27.346237,22.104094,19.636585,25.77799,28.19059,26.245197,39.461506,26.73961,30.517906,29.29344,33.798138,36.451385,35.94012,34.64877,27.252888,32.28146,33.7149,28.14895,31.203947,24.945864,36.2574,29.763725,36.32612,27.21366,23.400976,24.140615,27.987888,21.830042,26.65529,27.40347,27.398071,27.25167,26.76804,28.631966,25.804733,24.591995,27.309088,26.089626,26.452232,18.341415,25.536678,17.984312,19.405342,23.489126,24.717808,38.58238,22.364994,33.804115,29.177984,37.970684,31.346138,29.641346,38.384293,41.01659,28.769964,30.80116,28.654728,34.373917,28.75861,34.681263,37.299,29.213795,35.788105,30.161175,31.048635,31.431051,31.64143,25.72427,19.227367,29.422588,26.999218,33.015015,36.36733,36.39256,33.452274,38.34814,38.98898,32.61906,36.982834,32.279224,32.816307,33.976994,38.538437,28.681513,26.288477,29.239218,29.766497,30.899014,32.58882,34.07061,23.068155,28.748098,20.653576,28.845457,55.903545,45.88062,39.884274,50.486126,22.36769,37.053337,44.543743,45.941807,30.144207,33.82421,32.14857,29.13354,32.57333,14.946004,5.2820783,23.105099,60.03453,44.05454,37.097847,34.432205,38.49494,53.492966,48.58577,29.606707,41.872795,48.861736,42.653076,43.18031,47.923676,53.683353,37.862568,41.698742,38.41529,30.377066,42.78624,33.866997,22.684021,29.569197,32.512547,29.796154,28.521406,36.420303,30.23629,34.990124,35.402096,33.089684,15.996435,30.703548,22.316566,60.32348,30.884869,38.57146,31.410765,33.82739,18.092274,23.879242,38.207,40.909466,41.551632,42.231377,42.41484,42.135193,30.67622,30.717741,37.746006,31.002323,48.94826,37.45253,30.91153,27.263903,45.24193,41.476334,50.018642,30.356993,27.553246
smart2019,abp688,MNI152,1mm,0.721649,0.79881406,0.84363097,0.7264013,0.6944392,0.67515594,0.73882717,0.6680484,0.71262515,0.83538115,0.8565414,0.86980283,0.67604774,0.52612543,1.008865,0.7964016,0.7932624,0.7923646,0.6140416,0.7292287,0.7571967,0.74564236,0.94143045,0.9855687,1.0090692,0.8152739,1.1267942,1.0564581,0.9924331,1.1565274,0.95167583,1.1772292,1.040863,1.1271051,1.0044047,0.8130719,0.9195288,0.95851296,0.7859166,1.0189257,0.9598409,0.8326152,0.9406808,0.8165185,0.94595134,0.8588597,0.84269637,0.8029365,0.82587844,0.7493319,0.7473558,0.8144173,0.58765256,0.7358965,0.741134,0.8406936,1.2160561,0.6706292,1.0625956,1.0133975,1.1234356,1.0881977,0.98999935,1.053607,1.0843403,0.8015323,0.8941324,0.7127365,0.9776658,0.77846783,0.81110567,0.838501,0.8812094,1.0771369,0.9742306,0.89552784,0.8647952,0.9883529,0.78472936,0.65848625,0.8608073,0.8320705,0.9416934,0.98634005,0.9599439,0.86221534,0.8393417,0.93337524,0.75029165,0.7356456,0.7472052,0.71865445,0.84293884,0.87991124,0.74237484,0.71325105,0.859976,0.8598078,1.0928106,1.1259776,1.2118021,0.9442899,0.56775206,0.64061815,1.1220578,1.0187814,1.0241381,1.0976523,1.1208067,0.39014173,0.85889447,0.807453,1.2208297,1.0034684,1.0796187,0.84973043,0.81302005,0.26627493,0.1840426,0.117510855,0.7443798,0.7508759,0.9165798,0.9507017,1.0337622,0.564611,0.9209035,0.87958,0.76165706,0.7534344,0.7598784,0.9343796,0.95501584,0.7639332,0.8448499,0.85520273,1.0067911,0.86042804,0.8399155,0.9984633,0.99402905,0.87283295,0.9052164,0.8452826,0.8556221,0.7630651,1.0802165,1.0085907,0.98480695,0.94942963,0.9694357,0.8010503,0.8366252,0.8161905,0.98991394,0.8311009,0.91481274,0.7370052,0.8636885,0.8071614,1.032901,1.3215578,0.7598171,1.0436264,1.0618976,0.8057916,0.7956625,1.0122473,0.93219477,0.7749291,0.84206986,0.7406087,0.9293348,0.641339,0.99948806,0.6882037,0.95119786,0.6794289,1.0548102,1.083211,0.7191274,0.8874841,0.79492795,0.7434534,0.75116974,0.72995937,0.7725645,0.66725427,0.7202822,0.8443858,0.9294093,0.87043077,0.72960126,0.5257578,1.0062277,0.8546923,0.7426597,0.8571033,0.63780624,0.72244006,0.8124247,0.8005793,0.95746267,1.0978221,1.106067,0.81794137,1.0704277,1.0541314,0.9623937,1.11876,0.9516307,1.1514785,0.9283033,1.1032743,0.8661397,0.76950324,0.86786824,0.8886046,0.7465845,0.9543439,0.90458316,0.8040072,0.912226,0.8014569,0.904113,0.8467332,0.83039486,0.85168004,0.7933244,0.78826183,0.69360787,0.80686516,0.61097336,0.6794342,0.7251364,0.7888864,1.1802956,0.6639283,1.0480475,0.9375546,1.117799,1.0733509,1.0067759,1.0628476,1.1116494,0.8218632,0.8971717,0.83665377,1.0066233,0.81554353,0.8982111,0.9009278,0.9346682,1.0985276,0.9305425,0.91826314,0.8660987,1.0428077,0.8889836,0.7785694,0.93681884,0.90719694,0.96740323,0.99775237,0.986268,0.95302886,0.9178918,0.9573814,0.8383212,0.7774532,0.7572766,0.7822813,0.8222538,0.9043513,0.8319727,0.76025516,0.8847636,0.8611719,1.0636524,1.0979383,1.248999,0.95862335,0.78049046,0.8518094,1.1199288,1.1717762,1.0729343,1.1553829,1.2680501,0.356066,0.96847075,0.84928536,1.2490324,1.0502919,1.0864086,0.92729646,0.83741796,0.29619128,0.24437082,0.11761929,0.6598873,0.69304645,0.8845213,1.1135916,1.0190613,0.60505205,0.8890819,1.0045147,0.8726864,0.9632996,0.7874746,0.8846871,0.98435885,0.8216487,0.8188168,0.8268245,1.0350823,0.9069765,0.9829937,1.0991923,0.91293806,0.818762,0.98555374,0.8484781,0.8768521,0.78059906,1.0695559,0.96930563,1.0123101,1.0634643,1.0200919,0.8121014,0.86302584,0.783175,0.94358045,0.8556675,0.94878453,0.8425896,0.9775083,0.7192424,0.9184873,1.2749397,0.83967865,1.0096775,1.0391756,0.87068534,1.0080272,1.0812339,0.9391678,0.90760607,0.9184336,0.8606679,1.0026021,0.95329165,0.9325807,0.8730772,0.9424962,0.86918706,1.0355834,0.786561
smith2017,flb457,MNI152,1mm,0.3376716,0.61775064,0.5670975,0.39884794,0.5766704,0.720565,0.8267739,0.39611015,0.49475327,0.5206228,0.45269606,0.65792334,0.6298754,0.065174825,0.62837625,0.6532824,0.6217391,0.96465063,0.5135813,0.9369422,0.8552174,0.8718956,0.8276642,0.5861812,1.1368026,0.57485926,0.73262644,1.2276472,0.6789974,0.6789289,0.44900936,0.7748403,0.4412633,0.5950436,0.6479348,0.3895406,0.66262376,0.67439747,0.52977467,0.66110206,0.7736225,0.6735562,0.62692213,0.5500618,0.6899587,0.66223,0.7960624,0.71550673,0.750949,0.6679261,0.7410828,0.7239707,0.33789384,0.50189614,0.3902244,0.7772275,0.89005905,0.5796023,0.90111625,0.9127478,0.8531288,1.0058835,0.68869245,1.0139102,0.91657394,0.64071316,0.6246139,0.4478144,0.841082,0.6613624,0.625268,0.7502837,0.49843875,0.7198754,0.7396674,0.814581,0.82939935,0.62685937,0.34866926,0.27483025,0.386545,0.45441544,0.5797354,0.6635607,0.7923734,0.592114,0.6722748,0.8705364,0.6413869,0.7150459,0.54330045,0.7373484,1.0397716,1.4656627,0.61499804,0.39093968,0.58684635,0.6239359,0.78380305,0.99067724,0.8589787,0.7482664,1.0681573,0.3662832,0.72509927,2.550398,1.1281654,1.5999181,3.215665,1.981708,1.6957254,2.583327,1.0956633,3.183253,1.2213266,0.8383292,0.6947614,0.6386938,0.9076334,2.0886831,0.39609307,1.2304181,1.2648424,0.65237826,1.1286632,0.56628454,1.2294667,1.2582906,1.0150455,1.0442545,1.3586229,1.459134,1.1946566,1.1530603,1.379861,1.054134,1.2710246,0.84680706,0.86891127,0.9560903,0.9186819,0.60295355,1.0405298,0.70922,0.8687455,0.7528674,1.1715666,1.1315702,1.089588,0.8450007,1.0603603,0.8054875,0.5368541,0.94169587,1.1843975,0.74532515,0.83995736,0.83527434,0.9527719,0.7278925,0.71505666,0.8917741,0.8421539,1.135837,0.9305219,1.9159831,2.8057685,1.3776014,0.8507977,0.62176424,0.56154096,1.6517168,0.9152731,0.37933967,1.0472186,1.2648575,1.2079532,1.4892852,1.0420047,0.9199121,0.38702455,0.99395525,0.5434738,0.5431138,0.72769654,0.8179308,0.918888,0.47551686,0.5152168,0.6266311,0.64644974,0.69548345,0.7836211,0.14123026,0.598713,0.9196098,0.76634157,1.2871835,0.763605,0.8386559,0.9164179,1.087212,1.058095,0.75164,1.0401453,0.66044235,0.7137596,1.0397842,0.6846629,0.6617914,0.43038237,0.7394841,0.4485998,0.62366754,0.526501,0.46973145,0.5117967,0.5410726,0.5021683,0.64959675,0.5933275,0.665339,0.6562235,0.5979035,0.7099649,0.719434,0.7427887,0.7772292,0.7221328,0.77377117,0.5101441,0.70576334,0.43116438,0.50260407,0.48243326,0.6690482,0.8326832,0.45256004,0.9053187,0.7027205,0.7316908,0.86637974,0.8250043,0.76235574,0.8834937,0.6649022,0.70872104,0.6627907,0.871033,0.7141206,0.72109866,0.7950765,0.6271613,0.8336667,0.7517785,0.7443267,0.8875455,0.73733455,0.60158277,0.46018803,0.62385434,0.6850132,0.74856305,0.7912262,0.94902,0.7779734,0.78361577,0.8859558,0.82425994,0.847957,0.73508835,0.86894023,1.0455923,1.4192783,0.8176664,0.53163826,0.62574774,0.6732611,0.8717324,0.96551734,0.9201369,0.7617152,0.86436826,0.6635449,0.79302126,1.6909385,1.1512806,1.1921368,1.6502415,1.8970878,1.340495,1.9326876,1.0331678,1.504544,1.0406317,1.0279474,0.7555698,1.0765027,1.071161,2.0822217,0.25505745,1.3426064,1.5822692,0.96790975,1.4485004,0.9045222,1.1056314,1.5237505,0.93198174,1.4200233,1.4651933,1.606323,1.5752664,1.6263317,1.538707,1.273464,1.5005243,1.264391,0.99359804,1.3332165,1.008394,0.53698564,1.0752518,0.8509614,0.9084014,0.89724797,1.176328,0.85688114,1.205509,1.1776127,1.2368491,0.8235467,0.87106687,0.79282933,1.161681,0.91429824,1.1552311,1.0041838,0.94196707,0.5403177,0.5529255,0.83834237,1.3021799,1.5140316,0.747819,2.2143872,1.7130723,1.0872248,0.88731974,0.8824369,0.7812706,1.7960798,0.8375577,0.72663456,0.8806324,1.3141066,1.3561156,1.4094323,0.87178487,1.5554606
sydnor2021,SAaxis,fsLR,32k,-1.5688754,-0.86956316,-1.3843265,-1.4856908,-1.3160695,-1.0861019,-1.0473179,-1.347211,-1.4549838,-0.35094264,0.28596368,0.21026516,-1.394741,-0.42855087,-0.3581913,-0.8980673,-0.9480916,-0.24025688,-0.9868944,-0.7902551,-0.71971494,-0.89778316,-1.0170647,-0.6932179,0.58692455,0.9502699,-0.22810438,0.3358303,-0.32495904,0.26598153,-0.1256323,0.75526017,0.4874491,1.0406283,0.8594533,-1.5391431,-0.95067286,-0.064414896,-1.0050472,-1.0958793,-0.190514,-0.7800026,0.17554305,0.15602984,-0.5841672,-0.842361,-0.7789656,-0.44598007,-0.6987414,-0.56426096,-1.2571167,-1.005554,-1.4676042,-1.2447904,-1.1847767,-0.42656085,0.280839,-0.50764555,0.38836458,0.4900281,1.4762325,1.5036532,1.4362335,1.3203491,1.0577669,0.6450594,1.4972559,1.353086,1.4759977,1.4754517,1.4193178,1.1307136,1.2673982,0.6721712,0.8430309,1.34429,1.5449811,0.24933384,0.72529817,0.73809856,0.4874213,0.8332841,1.1080881,1.340147,1.3976167,1.1228473,1.1925,1.0720154,1.2491859,1.0113195,1.0847323,1.0032139,0.68027997,1.2593145,-0.06935492,-0.1441722,0.69351816,1.2239199,-0.38910303,-0.7158902,-0.949,-1.0270553,0.2687024,-0.77003133,-0.33230197,0.24936138,0.14691305,0.24112159,0.87060976,-0.059589155,1.214568,0.78729486,-0.3648623,0.13212603,-0.48991612,-0.13534416,-0.3460029,-0.045029595,-0.61133814,0.00033635335,-1.0676694,0.41540647,0.58287036,-0.709807,0.13050666,-0.35263237,-0.20839146,0.9973687,0.4758346,0.82317924,0.77273166,1.7063175,1.4389536,1.1404841,0.39370123,0.4837145,0.7084478,0.11513453,0.03712063,-0.2307613,-0.7607661,-1.0772992,-0.22993448,0.06111575,0.107333355,-0.70772684,-0.0514194,0.77086395,1.0367982,0.72099936,0.6571539,-1.3037335,-1.2486567,-1.0363938,-0.0588768,-0.7971175,-0.41875294,-0.66794294,-0.82944715,-1.1614325,0.21333171,0.9773752,-0.76326835,1.200258,1.3138002,0.33257616,0.6384027,-0.6247155,0.24338834,1.4029431,1.277664,0.7243426,-0.15920876,-0.6053814,-0.36007679,1.2869005,1.6969645,0.29038873,1.0013723,0.6987712,-1.5204273,-0.6367881,-1.3299763,-1.457287,-1.2963173,-1.0368515,-0.79348284,-1.4297624,-1.5481162,-0.4140414,0.17092416,-0.08701022,-1.3436193,-0.54238105,-0.3478797,-1.0559475,-0.8871664,-0.21395849,-1.0906615,-0.61906785,-0.75723517,-1.0421994,-0.8253733,-0.7508935,-0.18591516,0.57228357,-0.15206622,-0.014416915,-0.13911156,0.38305435,0.21436517,0.60428053,0.41629112,0.86980385,0.39912903,-1.5067511,-1.0317806,-0.3256796,-1.0170513,-1.1481367,-0.43925366,-0.6473679,-0.24965042,0.12864952,-0.495844,-0.90190667,-0.8062076,-0.4835377,-0.8485069,-0.4006603,-1.3513337,-0.9795485,-1.5321728,-1.2375165,-1.1730593,-0.41407028,0.27255175,-0.48403725,0.37789506,0.29539666,1.1918862,1.4170485,1.2079409,1.5540398,1.4771484,0.90291035,1.4775503,1.3927989,1.5110157,1.4368565,1.475065,1.2916557,1.1552131,0.7242383,1.090711,1.4074466,1.4255189,0.38287556,0.33993775,0.8367518,0.4542489,0.79443574,1.1643667,1.2204455,1.2684916,1.1950442,1.3669335,1.2889562,1.0561516,1.0534309,1.0232409,0.9820592,0.7056,1.0130172,-0.16763325,-0.12473428,0.77340555,1.2832685,-0.30023816,-0.6972152,-0.76788867,-0.97056246,0.019803766,-0.648819,-0.26183456,0.341508,0.40815446,0.33808115,0.9493292,0.004241833,1.0538116,0.62253344,-0.27963364,0.11584182,-0.4867169,-0.3963663,-0.38102695,-0.097165175,-0.62954193,-0.0008680299,-0.9227842,0.34676516,0.83405477,-0.7310472,0.3278114,-0.45202842,-0.16575897,1.0061048,0.0509159,0.39454156,0.7677047,1.6407732,1.4690564,1.20736,0.59191203,0.5617261,1.1922761,0.29174167,-0.054579128,0.092285566,-0.47593433,-0.91480106,-0.21084069,0.06485381,0.18109061,-0.39766943,-0.34803963,0.3439598,0.899125,0.9516591,0.9002163,-1.3161942,-1.2508972,-1.0295398,-0.12699857,-0.8209628,-0.3352531,-0.5425017,-0.48269,-1.1059616,0.23310795,0.4616231,-0.44631204,1.0369201,1.4719357,0.43183708,0.46990305,-0.57772106,0.569989,1.29975,0.9919125,0.45703602,-0.17739323,-0.708534,-0.3330523,1.2843994,1.6824691,0.5277238,1.0218688,0.35134268
tuominen,feobv,MNI152,2mm,1.3465753,1.3740481,1.3470193,1.3092021,1.2738606,1.2458068,1.3030796,1.6238184,1.6531825,1.4612857,1.472683,1.3602889,1.2790263,1.2597883,1.3167635,1.297243,1.2584028,1.3858765,1.2330816,1.2588518,1.1933864,1.2617083,1.4188143,2.021662,1.443856,1.3187258,1.4426073,1.3728259,1.3353261,1.4343945,1.3854332,1.7822542,1.4517307,1.5980165,1.4119514,1.5794846,1.4162416,1.5397927,1.3873981,1.8058835,1.7807729,1.2776672,1.595081,1.3466252,1.3235623,1.2848679,1.2687974,1.2840879,1.2448841,1.1938311,1.2851568,1.3756198,1.6199762,1.3962595,1.4714297,1.2802413,2.08842,1.4906617,1.9648548,1.7426864,1.6986213,1.4876153,1.3979027,1.4799433,1.4823111,1.5009056,1.3134999,1.321342,1.3450751,1.2169036,1.3416198,1.4210874,1.3214384,1.4246937,1.3660169,1.3153697,1.3235996,1.4709622,1.2641339,1.2438543,1.3370756,1.4174327,1.4289833,1.4367235,1.4584112,1.4087242,1.3898286,1.4748287,1.4697816,1.4282454,1.4685171,1.5081995,1.5553565,1.4668083,1.1584728,1.4238156,1.3491902,1.2442389,1.625565,1.5496091,1.8929224,2.0437937,2.2044878,1.7953546,1.724359,2.0597646,1.6051522,1.7413372,2.1587222,1.9027494,1.5022521,1.7480276,1.7217267,2.5595229,1.8515147,1.3408455,1.2594565,1.3320765,1.5778757,1.9960681,1.3773323,1.3229574,1.4426639,1.6738435,1.5004218,1.430273,1.455688,1.5042131,1.5179793,1.3926597,1.3463988,1.2408787,1.3376122,1.2938218,1.3820016,1.3950493,1.4080281,1.359572,1.4399515,1.3961818,1.3701819,1.2853073,1.2601439,1.2201071,1.1434741,1.2009838,1.4401252,1.3625869,1.3110015,1.3601578,1.2897292,1.25565,1.458781,1.2946603,1.5483755,1.3411382,1.3423728,1.3014511,1.3049493,1.2759138,1.3913825,1.6429611,1.4355156,1.752452,1.6353203,1.9984334,2.4310012,2.3156528,1.3522389,1.4910994,1.4261134,1.0191976,1.9136386,1.5958952,1.3855733,1.3135548,1.2540412,1.5563445,1.6376479,1.7979571,1.3278832,1.3342037,1.2259347,1.2806319,1.2418071,1.2395225,1.3539478,1.5850269,1.654492,1.4773315,1.3939462,1.398252,1.2641625,1.2543031,1.2820483,1.2719275,1.1464391,1.3479482,1.1283967,1.2433145,1.284188,1.2900727,1.3639609,2.1367164,1.4255322,1.302225,1.403075,1.3973159,1.2439544,1.41314,1.3266494,1.7658896,1.4693284,1.605483,1.3429474,1.5693492,1.3506393,1.3666345,1.3662595,1.7809298,1.7986429,1.234274,1.6407545,1.2811317,1.2864552,1.1942552,1.1968362,1.2432485,1.2010219,1.1802638,1.2844731,1.4522955,1.6044931,1.3633373,1.4512436,1.263369,2.1009502,1.5767423,1.9803057,1.7285815,1.7030704,1.4655367,1.4445727,1.5154305,1.5022595,1.4626422,1.2900298,1.3145128,1.3493085,1.2268363,1.3379219,1.4157914,1.323785,1.3570296,1.3246139,1.3481011,1.3506476,1.4612471,1.3033009,1.2097533,1.3914253,1.4378475,1.4276402,1.4610777,1.476418,1.4669143,1.4052339,1.4298137,1.4105583,1.3053712,1.3983968,1.5441647,1.5025642,1.489451,1.253128,1.3946686,1.3447937,1.2871312,1.5958446,1.6154728,1.821669,1.8780944,2.475333,1.8853384,1.5441589,2.002515,1.6097705,1.6125953,1.8738016,1.8441988,1.5325701,1.7368461,1.7383908,2.1561017,1.8671824,1.387837,1.3320984,1.4500449,1.5899756,1.9900465,1.3490764,1.1977363,1.3972491,1.8006804,1.4945408,1.3729242,1.4097466,1.5615971,1.534803,1.5028851,1.3158668,1.229542,1.3747973,1.2782764,1.2964078,1.3232223,1.3916881,1.350567,1.4268291,1.446968,1.3132908,1.2167177,1.3210042,1.2481652,1.2126912,1.1424626,1.5396507,1.2858415,1.3495578,1.3407825,1.2995559,1.2663324,1.393038,1.2516408,1.5094942,1.3277546,1.3530996,1.2537326,1.3607682,1.2528855,1.385304,1.6492203,1.3491772,1.732684,1.6292204,1.8943118,2.5598023,2.2102036,1.3827496,1.4817396,1.4568467,1.0499775,1.9503617,1.9407297,1.442269,1.4161143,1.2988203,1.7220395,1.5992064,1.8214387
turtonen2020,carfentanil,MNI152,1mm,0.2380251,0.9017638,0.5325652,0.31095725,0.35828483,0.40436727,0.59430355,0.8002856,0.71229357,1.1558794,1.2144048,1.1464567,0.44683325,0.55280256,0.7939134,0.674603,0.7606118,1.0217192,0.5338935,0.5769311,0.6442854,0.6262088,0.94399583,0.9027762,1.2804762,1.2734063,1.1815457,1.152003,1.0088404,1.0690564,0.68001974,1.3354512,0.9366686,1.1368215,1.0229782,0.8204081,0.9959535,1.12524,0.83109826,1.255192,1.3842403,1.0298045,1.3826792,1.253203,1.08006,0.8907465,0.9462529,0.9405038,0.9557232,0.85273093,0.7202321,0.9456868,0.69814247,0.97624403,1.0964744,1.1559258,1.5707796,0.93184847,1.5406952,1.5353234,1.7525666,1.6920279,1.5074005,1.6108317,1.5721426,1.2382637,1.3414041,1.266218,1.5034825,1.2916367,1.4334346,1.2800099,1.3126446,1.4440695,1.3130261,1.2448561,1.3769491,1.3641431,1.1082865,1.0203029,1.2271403,1.348166,1.4990344,1.6129019,1.5503066,1.5081794,1.4303248,1.4283173,1.4634106,1.3517184,1.3452933,1.3446758,1.4896879,1.4357067,0.91581833,1.1450319,1.285635,1.3571426,1.2847152,1.1966329,1.1721193,0.9793351,0.9676346,0.7374006,1.2315288,1.5585052,1.3447032,1.5349616,1.757621,1.5282712,1.5134262,1.6206242,1.5097915,1.4678297,1.2912216,1.2912027,1.0620844,0.8162987,0.85591835,1.6173128,0.50405157,1.132518,1.2600379,1.0260891,1.126569,0.70682764,0.90230256,1.3263512,1.0694731,1.2303096,1.2939965,1.3232344,1.2807202,1.3228546,1.1223147,1.2036799,1.2405006,1.0373884,1.1207865,1.2522737,1.1343684,0.6274928,0.89637595,1.0984638,0.9832465,0.8104221,1.4015658,1.3683748,1.2692548,1.272576,1.1439273,0.61786276,0.6456417,0.64171845,0.90989625,0.7730967,1.0488597,0.6188033,0.8202286,0.5896739,1.0280937,1.4407067,0.9593333,1.6635534,1.6645184,1.5256661,1.3703227,1.2579212,1.292274,1.381666,1.4306656,1.3147185,1.0439337,0.712234,1.0066335,1.3012148,1.3259078,1.3203548,1.6141144,1.6595526,0.24664257,0.9343971,0.55064124,0.31955996,0.38663867,0.47293055,0.72520256,0.7921061,0.7230363,1.1791574,1.2528225,1.2038484,0.4529401,0.5851657,0.8122588,0.75017864,0.83148474,1.0767503,0.63620216,0.6343052,0.7049224,0.70914125,0.8771408,0.9391559,1.3036197,1.298844,1.1661388,1.194399,0.976162,1.0727837,0.69837713,1.3489772,0.91775364,1.2269703,1.0910714,0.7922771,1.0314031,1.1378082,0.8288707,1.2209821,1.3853201,0.9891324,1.3769425,1.3208201,1.0459156,0.9067636,0.9260165,0.97305393,0.9348568,0.91545916,0.7588157,0.9225424,0.6836594,0.9751095,1.119975,1.173674,1.5668919,0.99284744,1.581296,1.5270542,1.7571652,1.7343515,1.55602,1.6806625,1.6520517,1.2373704,1.407031,1.387135,1.5367643,1.3709118,1.5313491,1.3334271,1.3400416,1.442721,1.279516,1.3006774,1.4272509,1.3178376,1.1035453,0.9624962,1.2912933,1.3425856,1.4918505,1.6426973,1.6233007,1.605535,1.5572454,1.4722036,1.4730431,1.383038,1.3400577,1.399384,1.5003083,1.4651034,1.0112652,1.2070644,1.3451271,1.4172198,1.232668,1.1705769,1.1321669,0.994104,1.023435,0.81389004,1.1481692,1.5624837,1.3043588,1.5215641,1.7454935,1.5109974,1.5030912,1.5937293,1.4306974,1.4477551,1.2940763,1.1974378,1.104219,0.81937665,0.9219324,1.6180445,0.53903097,0.971897,1.235089,0.94498545,1.0959414,0.7062434,0.92800087,1.3334644,1.0113513,1.2211903,1.2282114,1.2258182,1.3021715,1.2398634,1.0928969,1.1896496,1.2680966,1.1380148,1.0598824,1.2660184,0.9895593,0.6745067,1.0168922,1.1577497,1.0607299,0.9592911,1.4094435,1.3239069,1.3856223,1.3131938,1.2746528,0.6370924,0.69900596,0.706428,0.90268654,0.7539997,1.0685843,0.7407245,0.9046399,0.6592398,1.0699474,1.4746463,1.0259886,1.6600224,1.7041084,1.5464407,1.414177,1.2600881,1.282917,1.4908155,1.4618213,1.3057168,1.0122026,0.7901355,0.9500799,1.2760257,1.2508991,1.3020035,1.6802908,1.5537926
vijay2018,ly2795050,MNI152,2mm,2.3803482,2.549585,2.6649864,2.4272234,2.5896173,2.7037375,2.7980206,3.0941687,3.224779,3.1873965,3.1010928,3.3511004,2.6903737,2.091865,2.820568,2.8698902,2.8065412,2.842102,2.6196697,2.9419982,2.932722,2.9239023,3.013114,2.9039707,3.1851146,3.1205869,2.948373,3.4149928,2.9248595,2.8739061,2.5845385,2.8412669,2.7387083,2.7886972,2.7280538,2.986414,2.9569795,2.824597,3.0536232,3.3574562,3.513597,2.903604,3.467749,3.3608062,3.0146236,2.9151285,2.9791493,2.8685925,2.8876717,2.6801546,3.343213,2.9273415,2.764279,3.311711,3.3110905,3.7274985,3.379884,2.8492444,3.8125882,3.6901147,3.7654865,3.6361961,3.1785538,3.4143705,3.3038232,3.1216648,3.2687886,2.9441462,3.228767,3.0408363,3.0451014,3.1705341,3.0067132,3.4606988,3.4987848,3.3998647,3.3668551,3.4292,2.722848,2.560554,2.8948805,2.9705303,3.1646268,3.266729,3.3895729,3.1108098,3.136266,3.0724578,3.1449516,3.0990524,3.0050118,3.0582023,3.0291262,3.5239768,2.6852684,2.829583,3.1979105,3.203995,3.7297468,3.5743425,3.3446927,2.9939234,2.749462,2.5292475,3.1140656,3.885924,3.4925768,3.4959815,3.74572,3.2260468,3.1932366,3.9673288,3.840567,3.3476381,3.4653485,2.9810088,2.6853156,1.9884477,2.048995,2.6631298,2.4127069,2.734674,3.1675286,2.9762676,3.2453732,2.3477015,2.7158427,3.0893533,2.679019,2.692007,3.1601276,3.2258055,3.0829458,2.9083753,2.9779541,2.7906833,3.3044198,2.7922478,2.8092546,3.0469825,3.0559196,2.7703645,3.1917462,2.754693,2.9756882,2.9620237,3.4305754,3.2686076,3.1983106,2.983819,3.3003397,2.9543545,2.4501393,2.7798386,2.6682034,2.9702716,2.7736895,2.9668825,3.1452231,2.689011,2.720181,2.9547129,2.5636818,3.123288,3.2939095,2.997115,3.2559202,3.2320487,3.0963647,3.122592,3.1791406,2.9859815,3.1882792,2.5281892,3.2841804,2.7454576,3.1482651,3.4329896,3.7853062,3.990104,2.437163,2.8207662,2.6824117,2.5509584,2.720238,2.8117514,2.6665297,3.3212504,3.2072868,3.3103728,3.320502,3.5833025,2.9213963,2.1098378,2.883928,3.1392872,2.908886,2.7154834,2.748072,2.8808687,3.053066,2.9053693,2.920645,3.0293832,3.2157123,3.3146472,2.8896654,3.1797197,2.833808,2.761596,2.5440044,2.925994,2.60852,2.7406042,2.647123,3.0951061,2.9384897,2.7566614,3.0484216,3.2674658,3.2829542,2.9749594,3.4239707,3.344429,3.0641007,3.0101027,2.9208555,2.954199,2.944992,2.9244616,2.9897964,3.071081,3.028455,3.2907917,3.2958958,3.884608,3.3329835,2.7823887,3.5775943,3.2563684,3.4756763,3.355666,3.2595057,3.279103,3.3188455,3.119364,3.3598666,3.0443807,3.292229,3.2569695,3.3583906,3.2704334,3.055181,3.6403472,3.4815955,3.2564247,3.3773313,3.3734467,2.705935,2.5887773,3.18762,3.440661,3.5061421,3.4343,3.5696554,3.3229423,3.3850634,3.003401,3.2507753,3.0797977,3.1586547,3.2295828,2.8691976,3.5015962,2.8883893,2.9087753,3.190177,3.2934694,3.9002616,3.404959,3.242602,3.057608,3.0380082,2.8989828,3.1257212,3.856434,3.2086391,3.6655936,3.8817043,3.0681183,3.475736,3.843212,3.757513,3.66795,3.4749866,3.2718787,2.8799734,2.5366929,2.281724,2.6560752,2.4072306,2.988395,2.988582,3.084101,3.1078713,2.5212603,2.8267663,3.1116946,2.685839,2.7564662,3.1763687,3.091108,3.0734472,2.8799162,2.9893718,2.817842,3.1658592,2.8339608,2.7938955,3.2331994,2.8267236,2.7911918,3.337769,2.8473752,2.9950724,3.0453846,3.6907566,3.155156,3.354914,3.0832834,3.3744667,3.0692577,2.5855892,2.6577456,2.7878788,2.9735935,2.8363862,3.0967476,3.1122093,2.601323,2.7469103,2.8896296,2.5736136,3.1258607,3.1791706,3.55818,3.5935066,3.367735,3.3638358,3.4086168,3.4653873,2.854123,3.1964293,2.9580138,3.0315526,2.808296,3.1194608,3.427206,3.3874557,3.2526765
wey2016,martinostat,MNI152,2mm,3.905637,3.2040887,3.5605967,3.7580981,3.622374,3.3710024,3.5288186,3.2513292,3.4642725,3.701316,3.5903358,3.7220302,3.3289516,2.6561852,3.7705543,3.36882,3.2719965,3.5400894,2.7710657,3.6368415,3.756844,3.4918716,3.5746295,4.1767197,3.604122,3.579002,3.5492554,3.6453724,3.6310742,3.8280356,3.4282997,3.6814456,3.640871,3.6570666,3.4826787,3.1595235,3.1457546,3.3736181,3.1400988,3.4105237,3.4185588,3.482845,3.573416,3.5757868,3.3755703,3.5872028,3.4100087,3.3485842,3.4311328,3.2351177,3.3216457,3.2758644,3.0585513,3.489139,3.446967,3.4868684,3.6783004,2.5107691,3.5228744,3.5207348,3.323364,3.6061225,3.6134536,3.4205344,3.6415927,3.4100072,3.7015114,3.5033324,3.4575028,3.6584663,3.5871713,3.6070907,3.3540945,3.505056,3.4714835,3.3664882,3.8512776,3.4525595,3.248976,3.0294456,3.5874279,3.5807576,3.699452,3.8944976,3.934729,3.7978418,3.7650523,3.7621772,3.9382741,4.048727,3.389064,3.2687557,3.5751033,3.3235214,3.2363572,3.266287,3.5709884,3.5449054,3.6265564,3.401618,3.520744,2.992389,3.3477798,3.0028121,3.5331564,3.3936439,3.2699215,3.381817,3.8255398,2.4233978,3.1383488,3.1748564,3.901141,3.2083948,2.8798373,3.1361687,2.9445763,2.2582493,2.1692088,2.138099,2.774031,2.6497974,2.790393,3.7041893,3.3567598,2.5999007,2.9606931,3.1462855,2.9736297,3.2961035,2.8186219,3.3897982,3.6196141,3.4161398,2.913966,3.350891,3.705762,3.354037,3.1769636,3.2638521,3.3206,3.5063813,3.6860461,3.369733,3.3232887,3.19318,3.5555527,3.5546238,3.6288376,3.272258,3.7123718,3.303231,3.4213774,3.3398564,2.7811732,3.6462505,3.5622256,3.320787,3.705812,3.126535,3.5011778,3.9872887,3.4959006,3.1117344,3.3824985,3.2885416,3.3555434,3.0915654,2.9907942,3.8118184,3.526084,3.491289,3.6947887,3.4527054,3.5872655,3.2337058,3.5115361,2.8183105,3.606153,3.3574734,3.9620442,3.4821968,3.4777005,3.787532,3.6729176,3.564798,3.8595567,3.3270907,3.4982991,3.5876174,3.908416,3.752702,3.5204656,2.710219,3.8888245,3.5171416,3.2439923,3.567503,3.033008,3.6286747,3.5593288,3.6852121,3.5122774,4.185223,3.8543394,3.6904526,3.6998858,3.7246554,3.6426492,3.9170263,3.5192995,3.754668,3.3832161,3.567131,3.460923,3.1272638,3.1634655,3.3530326,3.0582616,3.3632483,3.3828332,3.358451,3.7026243,3.647512,3.3580928,3.4913974,3.4323578,3.483376,3.5084732,3.45913,3.2953806,3.3670459,3.1898625,3.386413,3.547557,3.5866861,3.6882672,2.478706,3.4306507,3.5677743,3.3465924,3.5465844,3.6839125,3.5105612,3.556062,3.6167824,3.7850807,3.6779525,3.50183,3.6490128,3.7674794,3.7380254,3.680328,3.7644517,3.5131996,3.5608587,3.9120388,3.5529764,3.641725,3.2864606,3.781552,3.7280917,3.7734008,3.9508567,4.071438,3.9943464,3.9215481,3.7783763,4.1089396,4.0766277,3.536508,3.3047416,3.5185041,3.4493256,3.4836543,3.45648,3.7244635,3.3991892,3.6707666,3.5759637,3.7720776,2.9956393,3.3483994,3.2926512,3.4585495,3.7130785,3.3625379,3.5225813,3.9633603,2.3606982,3.3165843,3.248441,3.890151,3.3249173,3.0804682,3.5720413,3.1901784,2.2380798,2.3409836,2.136017,2.9898934,2.6149874,2.7349298,4.022656,3.4259505,2.856639,2.9784527,3.348447,3.089116,3.7748425,2.7017787,3.4889185,3.9118488,3.77873,2.9836745,3.439733,3.7525165,3.5817075,3.1865904,3.7364247,2.9547334,3.3564758,3.8811781,3.5537808,3.6297505,3.5225384,3.5676239,3.665795,3.9256968,3.445733,3.870785,3.4002173,3.4866433,3.4387243,2.9889457,3.7935874,3.4262393,3.781996,3.8187392,2.8469663,3.6014776,3.8687882,3.6406028,3.0608397,3.198548,3.319483,3.6734843,3.3506637,3.2342892,4.0482235,3.8783672,3.3137128,3.682931,3.9239805,3.5952463,3.398094,3.6305854,3.1230628,3.5824156,2.9746115
xu2020,FChomology,fsLR,32k,4.0970044,3.8100624,3.3198178,3.4204192,3.2580352,2.736328,2.4790995,2.5861456,2.7690063,0.53247994,1.2056423,1.4000293,3.0560207,1.2333839,0.6414644,2.747962,2.7514727,2.877717,2.450683,2.7973404,2.8073215,2.5700905,3.6147115,3.466432,1.339178,1.402962,0.86301064,1.4861002,1.1114155,0.8149975,2.1099997,0.45923737,1.0405345,0.90385526,0.94697124,3.286401,0.92265314,0.623166,2.6987112,2.247466,1.9928067,1.965033,1.3346313,1.0878438,0.9456502,2.052871,2.557367,2.8715422,2.9092581,2.412002,2.6323366,2.3951964,2.4583738,2.8254225,2.3957756,1.5194099,0.7031062,0.5635835,0.7640962,0.81846637,1.9876562,1.4086763,0.9913971,2.1722765,2.1862922,1.7362914,1.375996,1.1850479,1.9723269,1.5019773,1.8695403,2.450163,1.5647625,1.7674102,2.0311081,2.2625797,0.9242638,1.4131788,1.9864082,1.1432179,1.9985628,1.8729758,1.4419838,2.0743182,1.2226444,2.1242414,1.845355,2.7896802,0.60054576,1.3024578,0.6623055,1.0120368,1.1630063,2.8791962,2.544042,0.31105417,1.158366,1.2972324,1.72999,1.5705658,1.4224445,1.5428782,2.9065983,2.8001325,2.3254426,1.9151824,3.6697464,1.9241047,1.9278728,0.8678767,2.2989116,2.2405293,2.3567028,2.439444,1.6523372,1.7348818,2.132862,2.1846373,2.2079585,0.08562851,3.0858393,0.99468476,2.4932334,3.5974321,3.562289,3.0085294,1.9986832,2.071086,1.110828,0.9199377,1.9936444,1.3332797,0.96173084,1.2350166,1.5816652,1.8592702,0.968501,1.3237484,1.0959617,2.4544182,3.5285087,2.6936615,1.7884473,1.6030526,1.660072,2.2555776,2.1013699,1.368988,1.2853551,0.3565188,0.32897335,2.8515227,3.407408,2.0660694,2.7658138,3.546402,1.9736153,2.5898628,2.743853,2.6092873,0.8648003,0.8115858,1.5297797,1.7778553,2.168815,1.1576574,2.1843011,1.0858523,1.883424,1.1197085,1.6437919,1.4961318,3.417991,3.4894707,3.5609038,1.2605886,0.84319973,2.373718,1.7791198,1.5323075,3.9636798,3.6995628,3.582804,3.4241953,3.1902947,2.589696,2.3036034,2.5640576,2.689585,1.0799501,0.9315621,1.1790577,3.1582358,0.90769774,0.54480505,2.4946373,2.4101624,3.0903127,2.1142633,2.4890044,2.6245415,2.2793152,3.6190603,3.5505319,1.0020195,1.1091038,0.81579083,0.9471314,1.1278598,0.25937644,1.1735712,0.5342646,0.3830889,0.5058343,0.34972137,3.294599,1.1864958,0.93534905,2.4761155,2.3122573,1.9906716,2.658303,1.3949441,0.9561364,1.7295847,2.2328405,2.5312023,2.606488,3.175011,2.3921254,2.5651677,2.1751719,2.6303737,2.458075,2.0189888,1.507363,1.1215899,1.0103505,1.0507572,1.0771244,2.281759,1.4539609,0.9906706,2.4347057,2.2285166,2.0269036,1.1675389,0.91222703,1.8666189,1.3789054,1.8033365,2.681758,1.3569261,2.1095002,2.103185,2.4433267,0.9104145,1.6986351,2.105023,2.0844014,2.0812085,2.251562,1.6078881,2.1461618,1.13228,2.0610065,1.7456325,2.771901,0.35588315,1.3587204,0.8342201,0.9531589,1.0703915,2.4235876,2.2578273,0.64283365,1.5068285,1.4233718,1.7934439,1.6801094,1.1858582,1.5092676,3.2667954,3.2114599,2.5341089,2.10416,3.762752,1.5973089,1.5707493,0.8168674,1.6029651,1.3347155,2.3994253,2.3934433,1.7300545,1.6410294,2.0774405,2.3746305,1.8843989,0.0603964,2.8916302,1.4173871,2.202717,3.5971525,2.6275778,2.8586926,2.1198347,1.9084947,0.8104486,0.8829661,2.1582644,1.4489721,1.0906054,1.2809818,1.995652,1.6587336,1.2354472,1.5728636,0.8552614,2.7085812,3.503995,2.4839926,1.6867493,1.3424221,1.2777209,1.8861045,2.0825226,1.0403447,0.56017584,0.32033873,0.13422342,3.0839524,3.3051612,2.3586395,2.7423937,3.293675,2.0473325,1.9251224,2.7576487,2.5971446,0.2864327,0.7796174,2.0839906,1.6725602,1.8074112,0.9661794,2.3584247,1.211652,1.6483259,1.6328356,1.2984157,1.8672789,3.5626419,3.5883646,3.0897238,1.6871555,0.9244129,2.7675617,1.6001421,1.0491911
xu2020,evoexp,fsLR,32k,7.546012,8.5437155,19.410532,10.990972,6.1194935,7.1906843,9.988631,8.639967,10.03201,17.839262,13.592388,15.335224,5.2176976,16.894743,38.93347,5.9740815,9.6119375,15.461586,6.9422107,4.8045096,4.764994,7.878872,6.6771073,11.957532,28.808338,20.540344,24.19735,14.076129,20.810057,57.997757,48.337635,26.673523,54.97062,36.029922,38.65232,10.328252,14.808906,25.16591,9.199282,12.824127,10.233608,7.4405665,20.618345,18.757914,11.092824,6.4500113,14.320482,8.942326,9.668763,9.895211,10.920916,7.7654405,8.929265,24.382309,10.906085,10.271273,9.562476,3.9957407,6.3770947,14.188943,8.279456,17.17437,26.705729,8.123157,5.119866,17.439678,18.541498,9.322048,16.254017,16.177084,10.902759,11.342756,22.098661,12.777096,9.317262,11.687661,16.431593,9.483359,17.946743,14.504202,21.67118,14.4312315,16.928202,9.780038,17.755169,10.280575,10.420999,11.579955,13.115223,14.333702,18.90996,19.201492,14.508446,12.023208,3.4329422,28.859694,25.60467,15.210267,7.9031363,8.428434,13.212973,11.428878,9.389051,10.971893,15.983252,12.18345,10.711575,10.1959915,10.529009,2.928418,8.584197,7.017532,10.713994,10.1650505,10.264116,5.8647857,7.031382,5.9191613,3.942166,0.09104038,8.54315,8.522367,7.739448,8.48987,6.767746,4.4074855,7.720308,5.4139514,10.700545,26.43599,10.793408,19.853073,38.35882,19.065565,12.32711,14.646895,35.203728,17.037981,8.490889,13.355889,18.509377,26.011177,30.508091,9.181759,16.396574,12.3967,7.5159245,21.229336,38.573105,51.991848,80.61629,9.705453,10.952066,8.440272,3.7431443,5.448171,15.235471,14.440497,7.028987,9.206544,37.709908,41.12184,17.954882,6.7378316,5.8896775,10.329421,10.001938,13.424809,8.864034,15.65994,13.424851,15.295733,9.976316,8.897984,8.076044,8.367477,31.838125,8.580912,13.45501,7.0247464,6.0359626,10.282428,20.921366,9.890097,6.731743,10.455559,15.541064,8.772017,12.938688,19.595312,18.347448,25.187992,6.6637993,17.646063,31.132666,10.459238,10.664252,17.6809,10.444869,7.5629115,9.593621,14.371098,9.370963,8.390417,9.911964,23.78028,16.424686,18.911644,11.728533,43.311268,35.3327,20.806133,36.78207,37.577263,30.107409,5.667358,7.043997,13.267239,5.1724105,8.311835,10.000675,13.471726,16.558508,33.046925,6.758466,8.099624,14.484794,7.6311893,14.150244,7.3141637,10.404574,6.9869466,11.805496,21.530235,19.330929,11.305961,8.925421,5.8003907,8.998465,16.52698,10.500884,15.316585,22.619156,14.545585,9.319955,22.146164,19.20839,16.475433,18.584461,18.419008,15.424162,11.512074,26.707018,7.6688585,6.529649,9.297193,14.755133,7.4039755,13.948579,13.265508,12.969339,7.5855827,13.519968,10.246089,12.226213,10.125544,9.202058,10.42224,18.447792,19.440588,27.959185,19.48215,19.831121,16.300676,3.6822097,29.00865,23.3568,30.218117,6.507521,9.664857,10.202484,7.7088475,9.705606,6.560102,9.111563,18.935081,8.860857,11.204303,18.288107,2.7835054,14.4386015,12.226593,7.495899,11.250539,9.898222,6.3671503,7.8149943,4.59051,2.6312985,0.04092737,5.1452427,6.5765467,9.546684,5.6229553,9.206035,3.679929,3.5692255,6.2220197,19.151478,32.4768,11.235109,31.686346,55.254623,31.475164,9.687124,24.269001,50.30513,32.01045,17.17373,15.037381,24.17677,20.534365,33.21085,9.193479,13.447155,11.817875,8.059956,11.102537,34.129353,51.752995,53.710297,7.969941,6.355428,4.863453,2.5182176,8.036866,24.079254,15.837147,12.02277,3.4559205,27.455755,26.881903,20.437937,5.393057,7.1527247,9.723359,13.470145,13.260918,12.671858,10.692037,7.162132,19.41756,8.588629,6.6946073,7.3157835,13.528981,42.182228,8.541387,12.23402,5.485052
